user,direction,inputnum,input_outof,angledeg,angveldegsec,gravity,signaluser
user1,|,1,2,-60.00,-50.00,0.00,-10000000.00
user1,|,2,2,-60.00,-50.00,0.00,-5000000.00
user1,|,1,1,3.00,-20.00,0.00,-4000.00
user1,|,1,6,-5.00,-5.00,0.00,-500000.00
user1,|,2,6,-5.00,-5.00,0.00,-1000000.00
user1,|,3,6,-5.00,-5.00,0.00,-500000.00
user1,|,4,6,-5.00,-5.00,0.00,-1000000.00
user1,|,5,6,-5.00,-5.00,0.00,-2000000.00
user1,|,6,6,-5.00,-5.00,0.00,-3000000.00
user1,|,1,2,40.00,-2.00,0.00,-60.00
user1,|,2,2,40.00,-2.00,0.00,-1.00
user1,|,1,1,1.00,1.00,0.00,30.00
user1,|,1,1,-10.00,5.00,0.00,200.00
user1,|,1,14,10.00,10.00,0.00,100.00
user1,|,2,14,10.00,10.00,0.00,200.00
user1,|,3,14,10.00,10.00,0.00,300.00
user1,|,4,14,10.00,10.00,0.00,400.00
user1,|,5,14,10.00,10.00,0.00,600.00
user1,|,6,14,10.00,10.00,0.00,500.00
user1,|,7,14,10.00,10.00,0.00,700.00
user1,|,8,14,10.00,10.00,0.00,800.00
user1,|,9,14,10.00,10.00,0.00,900.00
user1,|,10,14,10.00,10.00,0.00,1000.00
user1,|,11,14,10.00,10.00,0.00,250.00
user1,|,12,14,10.00,10.00,0.00,350.00
user1,|,13,14,10.00,10.00,0.00,450.00
user1,|,14,14,10.00,10.00,0.00,550.00
user1,|,1,1,-1.00,50.00,0.00,16000.00
user10,|,1,1,0.00,-50.00,0.00,-285000000.00
user10,|,1,14,-25.00,-10.00,0.00,-10.00
user10,|,2,14,-25.00,-10.00,0.00,-100.00
user10,|,3,14,-25.00,-10.00,0.00,-200.00
user10,|,4,14,-25.00,-10.00,0.00,-300.00
user10,|,5,14,-25.00,-10.00,0.00,-400.00
user10,|,6,14,-25.00,-10.00,0.00,-500.00
user10,|,7,14,-25.00,-10.00,0.00,-600.00
user10,|,8,14,-25.00,-10.00,0.00,-700.00
user10,|,9,14,-25.00,-10.00,0.00,-800.00
user10,|,10,14,-25.00,-10.00,0.00,-900.00
user10,|,11,14,-25.00,-10.00,0.00,-450.00
user10,|,12,14,-25.00,-10.00,0.00,-550.00
user10,|,13,14,-25.00,-10.00,0.00,-650.00
user10,|,14,14,-25.00,-10.00,0.00,-750.00
user10,|,1,7,8.00,-5.00,0.00,-123.00
user10,|,2,7,8.00,-5.00,0.00,-345.00
user10,|,3,7,8.00,-5.00,0.00,-589.00
user10,|,4,7,8.00,-5.00,0.00,-691.00
user10,|,5,7,8.00,-5.00,0.00,-832.00
user10,|,6,7,8.00,-5.00,0.00,-1234.00
user10,|,7,7,8.00,-5.00,0.00,-2795.00
user10,|,1,1,-2.00,-1.00,0.00,-10.00
user10,|,1,2,-60.00,2.00,0.00,-1.00
user10,|,2,2,-60.00,2.00,0.00,0.00
user10,|,1,1,3.00,5.00,0.00,2359.00
user10,|,1,7,-5.00,20.00,0.00,789456.00
user10,|,2,7,-5.00,20.00,0.00,1289536.00
user10,|,3,7,-5.00,20.00,0.00,3759612.00
user10,|,4,7,-5.00,20.00,0.00,5348961.00
user10,|,5,7,-5.00,20.00,0.00,7423589.00
user10,|,6,7,-5.00,20.00,0.00,9421356.00
user10,|,7,7,-5.00,20.00,0.00,11478342.00
user10,|,1,2,40.00,50.00,0.00,123456.00
user10,|,2,2,40.00,50.00,0.00,349865.00
user11,|,1,1,1.00,-50.00,0.00,-16000.00
user11,|,1,4,-10.00,-10.00,0.00,-750.00
user11,|,2,4,-10.00,-10.00,0.00,-600.00
user11,|,3,4,-10.00,-10.00,0.00,-500.00
user11,|,4,4,-10.00,-10.00,0.00,-550.00
user11,|,1,1,10.00,-5.00,0.00,-200.00
user11,|,1,2,-1.00,-1.00,0.00,-32.00
user11,|,2,2,-1.00,-1.00,0.00,-15.00
user11,|,1,7,-40.00,2.00,0.00,20000.00
user11,|,2,7,-40.00,2.00,0.00,50000.00
user11,|,3,7,-40.00,2.00,0.00,100000.00
user11,|,4,7,-40.00,2.00,0.00,300000.00
user11,|,5,7,-40.00,2.00,0.00,500000.00
user11,|,6,7,-40.00,2.00,0.00,5000000.00
user11,|,7,7,-40.00,2.00,0.00,4500000.00
user11,|,1,10,5.00,5.00,0.00,500.00
user11,|,2,10,5.00,5.00,0.00,1000.00
user11,|,3,10,5.00,5.00,0.00,2000.00
user11,|,4,10,5.00,5.00,0.00,4000.00
user11,|,5,10,5.00,5.00,0.00,5000.00
user11,|,6,10,5.00,5.00,0.00,6000.00
user11,|,7,10,5.00,5.00,0.00,7000.00
user11,|,8,10,5.00,5.00,0.00,8000.00
user11,|,9,10,5.00,5.00,0.00,9000.00
user11,|,10,10,5.00,5.00,0.00,10000.00
user11,|,1,1,-3.00,20.00,0.00,3500.00
user11,|,1,7,60.00,50.00,0.00,7000000.00
user11,|,2,7,60.00,50.00,0.00,8000000.00
user11,|,3,7,60.00,50.00,0.00,9000000.00
user11,|,4,7,60.00,50.00,0.00,10000000.00
user11,|,5,7,60.00,50.00,0.00,15000000.00
user11,|,6,7,60.00,50.00,0.00,16000000.00
user12,|,1,2,2.00,-50.00,0.00,-5978.00
user12,|,2,2,2.00,-50.00,0.00,-9731.00
user12,|,1,6,-8.00,-10.00,0.00,-265.00
user12,|,2,6,-8.00,-10.00,0.00,-469.00
user12,|,3,6,-8.00,-10.00,0.00,-697.00
user12,|,4,6,-8.00,-10.00,0.00,-943.00
user12,|,5,6,-8.00,-10.00,0.00,-1689.00
user12,|,6,6,-8.00,-10.00,0.00,-2865.00
user12,|,1,1,25.00,-5.00,0.00,-156.00
user12,|,1,1,0.00,-1.00,0.00,-5.00
user12,|,1,1,-25.00,2.00,0.00,-1.00
user12,|,1,1,8.00,5.00,0.00,249.00
user12,|,1,1,-2.00,20.00,0.00,3489.00
user13,|,1,7,3.00,-50.00,0.00,-4000000.00
user13,|,2,7,3.00,-50.00,0.00,-3000000.00
user13,|,3,7,3.00,-50.00,0.00,-5000000.00
user13,|,4,7,3.00,-50.00,0.00,-7000000.00
user13,|,5,7,3.00,-50.00,0.00,-8000000.00
user13,|,6,7,3.00,-50.00,0.00,-9000000.00
user13,|,7,7,3.00,-50.00,0.00,-500000.00
user13,|,1,1,-5.00,-10.00,0.00,-5000000.00
user13,|,1,2,40.00,-5.00,0.00,-300.00
user13,|,2,2,40.00,-5.00,0.00,-100.00
user13,|,1,1,1.00,-1.00,0.00,-5.00
user13,|,1,1,-10.00,2.00,0.00,10000.00
user13,|,1,3,10.00,5.00,0.00,10.00
user13,|,2,3,10.00,5.00,0.00,100.00
user13,|,3,3,10.00,5.00,0.00,200.00
user13,|,1,1,-1.00,20.00,0.00,3500.00
user14,|,1,7,5.00,-50.00,0.00,-984635.00
user14,|,2,7,5.00,-50.00,0.00,-1248953.00
user14,|,3,7,5.00,-50.00,0.00,-2478635.00
user14,|,4,7,5.00,-50.00,0.00,-3845691.00
user14,|,5,7,5.00,-50.00,0.00,-4678524.00
user14,|,6,7,5.00,-50.00,0.00,-123456.00
user14,|,7,7,5.00,-50.00,0.00,-6874369.00
user14,|,1,3,-3.00,-10.00,0.00,-9845623.00
user14,|,2,3,-3.00,-10.00,0.00,-8452635.00
user14,|,3,3,-3.00,-10.00,0.00,-3546215.00
user14,|,1,12,60.00,-5.00,0.00,-12.00
user14,|,2,12,60.00,-5.00,0.00,100.00
user14,|,3,12,60.00,-5.00,0.00,5.00
user14,|,4,12,60.00,-5.00,0.00,-2.00
user14,|,5,12,60.00,-5.00,0.00,5000.00
user14,|,6,12,60.00,-5.00,0.00,-3600.00
user14,|,7,12,60.00,-5.00,0.00,-500.00
user14,|,8,12,60.00,-5.00,0.00,-1000.00
user14,|,9,12,60.00,-5.00,0.00,0.00
user14,|,10,12,60.00,-5.00,0.00,1.00
user14,|,11,12,60.00,-5.00,0.00,-10.00
user14,|,12,12,60.00,-5.00,0.00,-153.00
user14,|,1,1,2.00,-1.00,0.00,-10.00
user14,|,1,2,-8.00,2.00,0.00,30.00
user14,|,2,2,-8.00,2.00,0.00,500.00
user14,|,1,7,25.00,5.00,0.00,25000.00
user14,|,2,7,25.00,5.00,0.00,500000.00
user14,|,3,7,25.00,5.00,0.00,197.00
user14,|,4,7,25.00,5.00,0.00,348.00
user14,|,5,7,25.00,5.00,0.00,597.00
user14,|,6,7,25.00,5.00,0.00,1284.00
user14,|,7,7,25.00,5.00,0.00,2679.00
user14,|,1,3,0.00,20.00,0.00,555.00
user14,|,2,3,0.00,20.00,0.00,6888.00
user14,|,3,3,0.00,20.00,0.00,12458.00
user15,|,1,1,8.00,-50.00,0.00,-16000.00
user15,|,1,2,-2.00,-10.00,0.00,-550.00
user15,|,2,2,-2.00,-10.00,0.00,-500.00
user15,|,1,11,-60.00,-3.00,0.00,-120.00
user15,|,2,11,-60.00,-3.00,0.00,-1000.00
user15,|,3,11,-60.00,-3.00,0.00,0.00
user15,|,4,11,-60.00,-3.00,0.00,-5000.00
user15,|,5,11,-60.00,-3.00,0.00,-180000.00
user15,|,6,11,-60.00,-3.00,0.00,-1800.00
user15,|,7,11,-60.00,-3.00,0.00,-20000.00
user15,|,8,11,-60.00,-3.00,0.00,-370.00
user15,|,9,11,-60.00,-3.00,0.00,10.00
user15,|,10,11,-60.00,-3.00,0.00,-5000000.00
user15,|,11,11,-60.00,-3.00,0.00,-50000000.00
user15,|,1,11,3.00,-1.00,0.00,100.00
user15,|,2,11,3.00,-1.00,0.00,1000.00
user15,|,3,11,3.00,-1.00,0.00,-100.00
user15,|,4,11,3.00,-1.00,0.00,-1000.00
user15,|,5,11,3.00,-1.00,0.00,10.00
user15,|,6,11,3.00,-1.00,0.00,5.00
user15,|,7,11,3.00,-1.00,0.00,-10.00
user15,|,8,11,3.00,-1.00,0.00,-20.00
user15,|,9,11,3.00,-1.00,0.00,-50.00
user15,|,10,11,3.00,-1.00,0.00,20.00
user15,|,11,11,3.00,-1.00,0.00,-20.00
user15,|,1,1,-5.00,2.00,0.00,10000.00
user15,|,1,14,40.00,5.00,0.00,300000.00
user15,|,2,14,40.00,5.00,0.00,500000.00
user15,|,3,14,40.00,5.00,0.00,1000000.00
user15,|,4,14,40.00,5.00,0.00,2000000.00
user15,|,5,14,40.00,5.00,0.00,3000000.00
user15,|,6,14,40.00,5.00,0.00,100.00
user15,|,7,14,40.00,5.00,0.00,200.00
user15,|,8,14,40.00,5.00,0.00,300.00
user15,|,9,14,40.00,5.00,0.00,400.00
user15,|,10,14,40.00,5.00,0.00,500.00
user15,|,11,14,40.00,5.00,0.00,1200.00
user15,|,12,14,40.00,5.00,0.00,2000.00
user15,|,13,14,40.00,5.00,0.00,2500.00
user15,|,14,14,40.00,5.00,0.00,3500.00
user15,|,1,1,1.00,20.00,0.00,3500.00
user16,|,1,11,10.00,-50.00,0.00,-1569.00
user16,|,2,11,10.00,-50.00,0.00,-3489.00
user16,|,3,11,10.00,-50.00,0.00,-4318.00
user16,|,4,11,10.00,-50.00,0.00,-6435.00
user16,|,5,11,10.00,-50.00,0.00,-8145.00
user16,|,6,11,10.00,-50.00,0.00,-8632.00
user16,|,7,11,10.00,-50.00,0.00,-9458.00
user16,|,8,11,10.00,-50.00,0.00,-15863.00
user16,|,9,11,10.00,-50.00,0.00,-34678.00
user16,|,10,11,10.00,-50.00,0.00,-51496.00
user16,|,11,11,10.00,-50.00,0.00,-67354.00
user16,|,1,1,-1.00,-10.00,0.00,-3548.00
user16,|,1,8,-40.00,-3.00,0.00,-25.00
user16,|,2,8,-40.00,-3.00,0.00,-59.00
user16,|,3,8,-40.00,-3.00,0.00,-149.00
user16,|,4,8,-40.00,-3.00,0.00,-379.00
user16,|,5,8,-40.00,-3.00,0.00,-567.00
user16,|,6,8,-40.00,-3.00,0.00,-1234.00
user16,|,7,8,-40.00,-3.00,0.00,-378.00
user16,|,8,8,-40.00,-3.00,0.00,-3789.00
user16,|,1,1,5.00,-1.00,0.00,10.00
user16,|,1,2,-3.00,2.00,0.00,12.00
user16,|,2,2,-3.00,2.00,0.00,34.00
user16,|,1,14,60.00,5.00,0.00,123.00
user16,|,2,14,60.00,5.00,0.00,256.00
user16,|,3,14,60.00,5.00,0.00,378.00
user16,|,4,14,60.00,5.00,0.00,476.00
user16,|,5,14,60.00,5.00,0.00,596.00
user16,|,6,14,60.00,5.00,0.00,1234.00
user16,|,7,14,60.00,5.00,0.00,2378.00
user16,|,8,14,60.00,5.00,0.00,12.00
user16,|,9,14,60.00,5.00,0.00,396.00
user16,|,10,14,60.00,5.00,0.00,753.00
user16,|,11,14,60.00,5.00,0.00,3486.00
user16,|,12,14,60.00,5.00,0.00,5973.00
user16,|,13,14,60.00,5.00,0.00,9512.00
user16,|,14,14,60.00,5.00,0.00,123456.00
user16,|,1,12,2.00,20.00,0.00,2549.00
user16,|,2,12,2.00,20.00,0.00,5679.00
user16,|,3,12,2.00,20.00,0.00,9548.00
user16,|,4,12,2.00,20.00,0.00,26984.00
user16,|,5,12,2.00,20.00,0.00,85463.00
user16,|,6,12,2.00,20.00,0.00,123456.00
user16,|,7,12,2.00,20.00,0.00,23456.00
user16,|,8,12,2.00,20.00,0.00,569763.00
user16,|,9,12,2.00,20.00,0.00,796215.00
user16,|,10,12,2.00,20.00,0.00,951364.00
user16,|,11,12,2.00,20.00,0.00,1649853.00
user16,|,12,12,2.00,20.00,0.00,34567989.00
user17,|,1,1,25.00,-50.00,0.00,-16000.00
user17,|,1,4,0.00,-10.00,0.00,-500.00
user17,|,2,4,0.00,-10.00,0.00,-550.00
user17,|,3,4,0.00,-10.00,0.00,-600.00
user17,|,4,4,0.00,-10.00,0.00,-450.00
user17,|,1,7,-25.00,-3.00,0.00,-1.00
user17,|,2,7,-25.00,-3.00,0.00,-10.00
user17,|,3,7,-25.00,-3.00,0.00,-40.00
user17,|,4,7,-25.00,-3.00,0.00,-50.00
user17,|,5,7,-25.00,-3.00,0.00,-80.00
user17,|,6,7,-25.00,-3.00,0.00,-100.00
user17,|,7,7,-25.00,-3.00,0.00,-150.00
user17,|,1,1,8.00,-1.00,0.00,-10.00
user17,|,1,2,-2.00,2.00,0.00,2000.00
user17,|,2,2,-2.00,2.00,0.00,10000.00
user17,|,1,15,-60.00,8.00,0.00,0.00
user17,|,2,15,-60.00,8.00,0.00,10000.00
user17,|,3,15,-60.00,8.00,0.00,-3600.00
user17,|,4,15,-60.00,8.00,0.00,-10.00
user17,|,5,15,-60.00,8.00,0.00,-3000.00
user17,|,6,15,-60.00,8.00,0.00,-500.00
user17,|,7,15,-60.00,8.00,0.00,-5000.00
user17,|,8,15,-60.00,8.00,0.00,-1200001200.00
user17,|,9,15,-60.00,8.00,0.00,-5000000.00
user17,|,10,15,-60.00,8.00,0.00,1.00
user17,|,11,15,-60.00,8.00,0.00,0.00
user17,|,12,15,-60.00,8.00,0.00,2300.00
user17,|,13,15,-60.00,8.00,0.00,35000.00
user17,|,14,15,-60.00,8.00,0.00,-35000.00
user17,|,15,15,-60.00,8.00,0.00,10000000.00
user17,|,1,12,3.00,20.00,0.00,2000000.00
user17,|,2,12,3.00,20.00,0.00,100000.00
user17,|,3,12,3.00,20.00,0.00,-100000.00
user17,|,4,12,3.00,20.00,0.00,1000000.00
user17,|,5,12,3.00,20.00,0.00,500000.00
user17,|,6,12,3.00,20.00,0.00,300000.00
user17,|,7,12,3.00,20.00,0.00,30000.00
user17,|,8,12,3.00,20.00,0.00,20000.00
user17,|,9,12,3.00,20.00,0.00,10000.00
user17,|,10,12,3.00,20.00,0.00,1000.00
user17,|,11,12,3.00,20.00,0.00,-1000.00
user17,|,12,12,3.00,20.00,0.00,-3000.00
user18,|,1,5,40.00,-50.00,0.00,-3456.00
user18,|,2,5,40.00,-50.00,0.00,-5486.00
user18,|,3,5,40.00,-50.00,0.00,-9756.00
user18,|,4,5,40.00,-50.00,0.00,-10568.00
user18,|,5,5,40.00,-50.00,0.00,-13485.00
user18,|,1,3,1.00,-10.00,0.00,-18000000.00
user18,|,2,3,1.00,-10.00,0.00,-6500000.00
user18,|,3,3,1.00,-10.00,0.00,-3458.00
user18,|,1,1,-10.00,-3.00,0.00,-123.00
user18,|,1,1,10.00,-1.00,0.00,-20.00
user18,|,1,3,-1.00,2.00,0.00,12.00
user18,|,2,3,-1.00,2.00,0.00,25.00
user18,|,3,3,-1.00,2.00,0.00,55.00
user18,|,1,16,-40.00,8.00,0.00,156.00
user18,|,2,16,-40.00,8.00,0.00,496.00
user18,|,3,16,-40.00,8.00,0.00,763.00
user18,|,4,16,-40.00,8.00,0.00,1569.00
user18,|,5,16,-40.00,8.00,0.00,2769.00
user18,|,6,16,-40.00,8.00,0.00,5967.00
user18,|,7,16,-40.00,8.00,0.00,9435.00
user18,|,8,16,-40.00,8.00,0.00,12849.00
user18,|,9,16,-40.00,8.00,0.00,3569.00
user18,|,10,16,-40.00,8.00,0.00,3489.00
user18,|,11,16,-40.00,8.00,0.00,34892.00
user18,|,12,16,-40.00,8.00,0.00,78456.00
user18,|,13,16,-40.00,8.00,0.00,29863.00
user18,|,14,16,-40.00,8.00,0.00,1457963.00
user18,|,15,16,-40.00,8.00,0.00,2245895.00
user18,|,16,16,-40.00,8.00,0.00,334587965.00
user18,|,1,1,5.00,20.00,0.00,264895.00
user19,|,1,15,60.00,-50.00,0.00,-14000.00
user19,|,2,15,60.00,-50.00,0.00,-15000.00
user19,|,3,15,60.00,-50.00,0.00,-10000.00
user19,|,4,15,60.00,-50.00,0.00,-2000.00
user19,|,5,15,60.00,-50.00,0.00,-40000.00
user19,|,6,15,60.00,-50.00,0.00,1.00
user19,|,7,15,60.00,-50.00,0.00,-500.00
user19,|,8,15,60.00,-50.00,0.00,-1000.00
user19,|,9,15,60.00,-50.00,0.00,-1500.00
user19,|,10,15,60.00,-50.00,0.00,-2000.00
user19,|,11,15,60.00,-50.00,0.00,-2500.00
user19,|,12,15,60.00,-50.00,0.00,-3000.00
user19,|,13,15,60.00,-50.00,0.00,-5000.00
user19,|,14,15,60.00,-50.00,0.00,-10000.00
user19,|,15,15,60.00,-50.00,0.00,-12000.00
user19,|,1,1,2.00,-10.00,0.00,-450.00
user19,|,1,1,-8.00,-3.00,0.00,-150.00
user19,|,1,1,25.00,-1.00,0.00,1.00
user19,|,1,1,0.00,2.00,0.00,10000.00
user19,|,1,7,-25.00,8.00,0.00,3000.00
user19,|,2,7,-25.00,8.00,0.00,5000.00
user19,|,3,7,-25.00,8.00,0.00,100.00
user19,|,4,7,-25.00,8.00,0.00,500.00
user19,|,5,7,-25.00,8.00,0.00,1000000.00
user19,|,6,7,-25.00,8.00,0.00,900000.00
user19,|,7,7,-25.00,8.00,0.00,300.00
user19,|,1,7,8.00,20.00,0.00,100.00
user19,|,2,7,8.00,20.00,0.00,1000.00
user19,|,3,7,8.00,20.00,0.00,1500.00
user19,|,4,7,8.00,20.00,0.00,2000.00
user19,|,5,7,8.00,20.00,0.00,2500.00
user19,|,6,7,8.00,20.00,0.00,3000.00
user19,|,7,7,8.00,20.00,0.00,3500.00
user2,|,1,10,-40.00,-50.00,0.00,-3458.00
user2,|,2,10,-40.00,-50.00,0.00,-5486.00
user2,|,3,10,-40.00,-50.00,0.00,-6785.00
user2,|,4,10,-40.00,-50.00,0.00,-10578.00
user2,|,5,10,-40.00,-50.00,0.00,-13485.00
user2,|,6,10,-40.00,-50.00,0.00,-24856.00
user2,|,7,10,-40.00,-50.00,0.00,-34785.00
user2,|,8,10,-40.00,-50.00,0.00,-52136.00
user2,|,9,10,-40.00,-50.00,0.00,-78123.00
user2,|,10,10,-40.00,-50.00,0.00,-93456.00
user2,|,1,5,5.00,-20.00,0.00,-345796.00
user2,|,2,5,5.00,-20.00,0.00,-684395.00
user2,|,3,5,5.00,-20.00,0.00,-758123.00
user2,|,4,5,5.00,-20.00,0.00,-864239.00
user2,|,5,5,5.00,-20.00,0.00,-1453896.00
user2,|,1,7,-3.00,-5.00,0.00,-1248.00
user2,|,2,7,-3.00,-5.00,0.00,-3458.00
user2,|,3,7,-3.00,-5.00,0.00,-5694.00
user2,|,4,7,-3.00,-5.00,0.00,-8452.00
user2,|,5,7,-3.00,-5.00,0.00,-12486.00
user2,|,6,7,-3.00,-5.00,0.00,-25946.00
user2,|,7,7,-3.00,-5.00,0.00,-64879.00
user2,|,1,1,60.00,-2.00,0.00,1.00
user2,|,1,1,2.00,1.00,0.00,5.00
user2,|,1,10,-8.00,5.00,0.00,468.00
user2,|,2,10,-8.00,5.00,0.00,796.00
user2,|,3,10,-8.00,5.00,0.00,923.00
user2,|,4,10,-8.00,5.00,0.00,1864.00
user2,|,5,10,-8.00,5.00,0.00,3462.00
user2,|,6,10,-8.00,5.00,0.00,4612.00
user2,|,7,10,-8.00,5.00,0.00,5796.00
user2,|,8,10,-8.00,5.00,0.00,7349.00
user2,|,9,10,-8.00,5.00,0.00,9425.00
user2,|,10,10,-8.00,5.00,0.00,10698.00
user2,|,1,7,25.00,10.00,0.00,8000.00
user2,|,2,7,25.00,10.00,0.00,800000.00
user2,|,3,7,25.00,10.00,0.00,1200000.00
user2,|,4,7,25.00,10.00,0.00,5000000.00
user2,|,5,7,25.00,10.00,0.00,50000000.00
user2,|,6,7,25.00,10.00,0.00,36000000.00
user2,|,7,7,25.00,10.00,0.00,360000.00
user2,|,1,1,0.00,50.00,0.00,16000.00
user20,|,1,14,-60.00,-35.00,0.00,-1234.00
user20,|,2,14,-60.00,-35.00,0.00,-2876.00
user20,|,3,14,-60.00,-35.00,0.00,-12789.00
user20,|,4,14,-60.00,-35.00,0.00,-26849.00
user20,|,5,14,-60.00,-35.00,0.00,-37865.00
user20,|,6,14,-60.00,-35.00,0.00,-49876.00
user20,|,7,14,-60.00,-35.00,0.00,-58349.00
user20,|,8,14,-60.00,-35.00,0.00,-978536.00
user20,|,9,14,-60.00,-35.00,0.00,-345792.00
user20,|,10,14,-60.00,-35.00,0.00,-857634.00
user20,|,11,14,-60.00,-35.00,0.00,-1354789.00
user20,|,12,14,-60.00,-35.00,0.00,-9852763.00
user20,|,13,14,-60.00,-35.00,0.00,-125789634.00
user20,|,14,14,-60.00,-35.00,0.00,-9637589461.00
user20,|,1,6,3.00,-10.00,0.00,100000.00
user20,|,2,6,3.00,-10.00,0.00,10.00
user20,|,3,6,3.00,-10.00,0.00,-1000000.00
user20,|,4,6,3.00,-10.00,0.00,-3548697.00
user20,|,5,6,3.00,-10.00,0.00,-5699432.00
user20,|,6,6,3.00,-10.00,0.00,-9562134.00
user20,|,1,1,-5.00,-3.00,0.00,-150.00
user20,|,1,1,40.00,-1.00,0.00,1.00
user20,|,1,2,1.00,2.00,0.00,5000.00
user20,|,2,2,1.00,2.00,0.00,10000.00
user20,|,1,3,-10.00,8.00,0.00,3489.00
user20,|,2,3,-10.00,8.00,0.00,1234.00
user20,|,3,3,-10.00,8.00,0.00,2486.00
user20,|,1,2,10.00,20.00,0.00,1569.00
user20,|,2,2,10.00,20.00,0.00,3486.00
user21,|,1,14,-40.00,-35.00,0.00,-2500.00
user21,|,2,14,-40.00,-35.00,0.00,-2500000.00
user21,|,3,14,-40.00,-35.00,0.00,-5000000.00
user21,|,4,14,-40.00,-35.00,0.00,-10000000.00
user21,|,5,14,-40.00,-35.00,0.00,-240000.00
user21,|,6,14,-40.00,-35.00,0.00,-50000100.00
user21,|,7,14,-40.00,-35.00,0.00,-200.00
user21,|,8,14,-40.00,-35.00,0.00,-3700.00
user21,|,9,14,-40.00,-35.00,0.00,-12000.00
user21,|,10,14,-40.00,-35.00,0.00,-350000.00
user21,|,11,14,-40.00,-35.00,0.00,-3500.00
user21,|,12,14,-40.00,-35.00,0.00,-50000000.00
user21,|,13,14,-40.00,-35.00,0.00,-6700.00
user21,|,14,14,-40.00,-35.00,0.00,-21000.00
user21,|,1,1,5.00,-10.00,0.00,-450.00
user21,|,1,13,-3.00,-3.00,0.00,-5000.00
user21,|,2,13,-3.00,-3.00,0.00,-300.00
user21,|,3,13,-3.00,-3.00,0.00,-300000.00
user21,|,4,13,-3.00,-3.00,0.00,-500000.00
user21,|,5,13,-3.00,-3.00,0.00,-20.00
user21,|,6,13,-3.00,-3.00,0.00,0.00
user21,|,7,13,-3.00,-3.00,0.00,-500.00
user21,|,8,13,-3.00,-3.00,0.00,300.00
user21,|,9,13,-3.00,-3.00,0.00,-300.00
user21,|,10,13,-3.00,-3.00,0.00,-1000.00
user21,|,11,13,-3.00,-3.00,0.00,-500.00
user21,|,12,13,-3.00,-3.00,0.00,-2000.00
user21,|,13,13,-3.00,-3.00,0.00,-3000.00
user21,|,1,18,60.00,-1.00,0.00,1.00
user21,|,2,18,60.00,-1.00,0.00,-10.00
user21,|,3,18,60.00,-1.00,0.00,0.00
user21,|,4,18,60.00,-1.00,0.00,-20.00
user21,|,5,18,60.00,-1.00,0.00,-1.00
user21,|,6,18,60.00,-1.00,0.00,-15.00
user21,|,7,18,60.00,-1.00,0.00,-30.00
user21,|,8,18,60.00,-1.00,0.00,-60.00
user21,|,9,18,60.00,-1.00,0.00,-125.00
user21,|,10,18,60.00,-1.00,0.00,-350.00
user21,|,11,18,60.00,-1.00,0.00,-500.00
user21,|,12,18,60.00,-1.00,0.00,-1200.00
user21,|,13,18,60.00,-1.00,0.00,-6400.00
user21,|,14,18,60.00,-1.00,0.00,-9800.00
user21,|,15,18,60.00,-1.00,0.00,-12000.00
user21,|,16,18,60.00,-1.00,0.00,-27000.00
user21,|,17,18,60.00,-1.00,0.00,-125000.00
user21,|,18,18,60.00,-1.00,0.00,-370000000.00
user21,|,1,10,2.00,2.00,0.00,120.00
user21,|,2,10,2.00,2.00,0.00,1000.00
user21,|,3,10,2.00,2.00,0.00,5000.00
user21,|,4,10,2.00,2.00,0.00,3500.00
user21,|,5,10,2.00,2.00,0.00,1800.00
user21,|,6,10,2.00,2.00,0.00,780.00
user21,|,7,10,2.00,2.00,0.00,7800.00
user21,|,8,10,2.00,2.00,0.00,50.00
user21,|,9,10,2.00,2.00,0.00,200.00
user21,|,10,10,2.00,2.00,0.00,3000.00
user21,|,1,1,-8.00,8.00,0.00,3000.00
user21,|,1,19,25.00,20.00,0.00,37000.00
user21,|,2,19,25.00,20.00,0.00,137000.00
user21,|,3,19,25.00,20.00,0.00,1000000.00
user21,|,4,19,25.00,20.00,0.00,800000.00
user21,|,5,19,25.00,20.00,0.00,12000000.00
user21,|,6,19,25.00,20.00,0.00,550.00
user21,|,7,19,25.00,20.00,0.00,800.00
user21,|,8,19,25.00,20.00,0.00,1000.00
user21,|,9,19,25.00,20.00,0.00,1200.00
user21,|,10,19,25.00,20.00,0.00,1500.00
user21,|,11,19,25.00,20.00,0.00,1100.00
user21,|,12,19,25.00,20.00,0.00,2000.00
user21,|,13,19,25.00,20.00,0.00,100.00
user21,|,14,19,25.00,20.00,0.00,2500.00
user21,|,15,19,25.00,20.00,0.00,3000.00
user21,|,16,19,25.00,20.00,0.00,1210.00
user21,|,17,19,25.00,20.00,0.00,4000.00
user21,|,18,19,25.00,20.00,0.00,5000.00
user21,|,19,19,25.00,20.00,0.00,6000.00
user22,|,1,13,-25.00,-35.00,0.00,-1246.00
user22,|,2,13,-25.00,-35.00,0.00,-3495.00
user22,|,3,13,-25.00,-35.00,0.00,-123456.00
user22,|,4,13,-25.00,-35.00,0.00,-248659.00
user22,|,5,13,-25.00,-35.00,0.00,-379856.00
user22,|,6,13,-25.00,-35.00,0.00,-569483.00
user22,|,7,13,-25.00,-35.00,0.00,-943268.00
user22,|,8,13,-25.00,-35.00,0.00,-1489357.00
user22,|,9,13,-25.00,-35.00,0.00,-3485697.00
user22,|,10,13,-25.00,-35.00,0.00,-5478963.00
user22,|,11,13,-25.00,-35.00,0.00,-12478536.00
user22,|,12,13,-25.00,-35.00,0.00,2458963.00
user22,|,13,13,-25.00,-35.00,0.00,-3589642.00
user22,|,1,3,8.00,-10.00,0.00,-1234.00
user22,|,2,3,8.00,-10.00,0.00,-1956.00
user22,|,3,3,8.00,-10.00,0.00,-2763.00
user22,|,1,4,-2.00,-3.00,0.00,-1235.00
user22,|,2,4,-2.00,-3.00,0.00,-50.00
user22,|,3,4,-2.00,-3.00,0.00,-648.00
user22,|,4,4,-2.00,-3.00,0.00,-2458.00
user22,|,1,15,-60.00,0.00,0.00,-50000.00
user22,|,2,15,-60.00,0.00,0.00,-500000.00
user22,|,3,15,-60.00,0.00,0.00,-20.00
user22,|,4,15,-60.00,0.00,0.00,-659.00
user22,|,5,15,-60.00,0.00,0.00,-245.00
user22,|,6,15,-60.00,0.00,0.00,-356.00
user22,|,7,15,-60.00,0.00,0.00,-796.00
user22,|,8,15,-60.00,0.00,0.00,-1234.00
user22,|,9,15,-60.00,0.00,0.00,-1596.00
user22,|,10,15,-60.00,0.00,0.00,-2456.00
user22,|,11,15,-60.00,0.00,0.00,1.00
user22,|,12,15,-60.00,0.00,0.00,-94.00
user22,|,13,15,-60.00,0.00,0.00,-326.00
user22,|,14,15,-60.00,0.00,0.00,-476.00
user22,|,15,15,-60.00,0.00,0.00,-178.00
user22,|,1,2,3.00,2.00,0.00,5000.00
user22,|,2,2,3.00,2.00,0.00,10000.00
user22,|,1,17,-5.00,8.00,0.00,3000000.00
user22,|,2,17,-5.00,8.00,0.00,2000000.00
user22,|,3,17,-5.00,8.00,0.00,1000000.00
user22,|,4,17,-5.00,8.00,0.00,265795.00
user22,|,5,17,-5.00,8.00,0.00,349653.00
user22,|,6,17,-5.00,8.00,0.00,384269.00
user22,|,7,17,-5.00,8.00,0.00,586194.00
user22,|,8,17,-5.00,8.00,0.00,769234.00
user22,|,9,17,-5.00,8.00,0.00,924683.00
user22,|,10,17,-5.00,8.00,0.00,1234567.00
user22,|,11,17,-5.00,8.00,0.00,3487056.00
user22,|,12,17,-5.00,8.00,0.00,104986.00
user22,|,13,17,-5.00,8.00,0.00,19348561.00
user22,|,14,17,-5.00,8.00,0.00,48591278.00
user22,|,15,17,-5.00,8.00,0.00,50784236.00
user22,|,16,17,-5.00,8.00,0.00,98423657.00
user22,|,17,17,-5.00,8.00,0.00,23849.00
user22,|,1,4,40.00,20.00,0.00,248659.00
user22,|,2,4,40.00,20.00,0.00,150000000.00
user22,|,3,4,40.00,20.00,0.00,3700000000.00
user22,|,4,4,40.00,20.00,0.00,12000000.00
user23,|,1,7,-10.00,-35.00,0.00,-1000.00
user23,|,2,7,-10.00,-35.00,0.00,-2000.00
user23,|,3,7,-10.00,-35.00,0.00,-5000.00
user23,|,4,7,-10.00,-35.00,0.00,-8000.00
user23,|,5,7,-10.00,-35.00,0.00,-10000.00
user23,|,6,7,-10.00,-35.00,0.00,-12000.00
user23,|,7,7,-10.00,-35.00,0.00,-13000.00
user23,|,1,2,10.00,-10.00,0.00,-450.00
user23,|,2,2,10.00,-10.00,0.00,-400.00
user23,|,1,1,-1.00,-3.00,0.00,-3000.00
user23,|,1,8,-40.00,0.00,0.00,-6000000.00
user23,|,2,8,-40.00,0.00,0.00,-500000.00
user23,|,3,8,-40.00,0.00,0.00,-1000.00
user23,|,4,8,-40.00,0.00,0.00,1000.00
user23,|,5,8,-40.00,0.00,0.00,-12000000.00
user23,|,6,8,-40.00,0.00,0.00,-25000000.00
user23,|,7,8,-40.00,0.00,0.00,-20000000.00
user23,|,8,8,-40.00,0.00,0.00,-35000000.00
user23,|,1,9,5.00,2.00,0.00,500.00
user23,|,2,9,5.00,2.00,0.00,1000.00
user23,|,3,9,5.00,2.00,0.00,1500.00
user23,|,4,9,5.00,2.00,0.00,-10.00
user23,|,5,9,5.00,2.00,0.00,1600.00
user23,|,6,9,5.00,2.00,0.00,1700.00
user23,|,7,9,5.00,2.00,0.00,1800.00
user23,|,8,9,5.00,2.00,0.00,2000.00
user23,|,9,9,5.00,2.00,0.00,3000.00
user23,|,1,2,-3.00,8.00,0.00,30000.00
user23,|,2,2,-3.00,8.00,0.00,3000.00
user23,|,1,8,60.00,20.00,0.00,1200000000.00
user23,|,2,8,60.00,20.00,0.00,0.00
user23,|,3,8,60.00,20.00,0.00,50000000000.00
user23,|,4,8,60.00,20.00,0.00,12000.00
user23,|,5,8,60.00,20.00,0.00,12500.00
user23,|,6,8,60.00,20.00,0.00,25000.00
user23,|,7,8,60.00,20.00,0.00,30000.00
user23,|,8,8,60.00,20.00,0.00,35000.00
user24,|,1,20,-8.00,-35.00,0.00,-358.00
user24,|,2,20,-8.00,-35.00,0.00,-659.00
user24,|,3,20,-8.00,-35.00,0.00,-934.00
user24,|,4,20,-8.00,-35.00,0.00,-1958.00
user24,|,5,20,-8.00,-35.00,0.00,-3496.00
user24,|,6,20,-8.00,-35.00,0.00,-4962.00
user24,|,7,20,-8.00,-35.00,0.00,-6782.00
user24,|,8,20,-8.00,-35.00,0.00,-8342.00
user24,|,9,20,-8.00,-35.00,0.00,-9753.00
user24,|,10,20,-8.00,-35.00,0.00,-123456.00
user24,|,11,20,-8.00,-35.00,0.00,-198634.00
user24,|,12,20,-8.00,-35.00,0.00,-294857.00
user24,|,13,20,-8.00,-35.00,0.00,-37569.00
user24,|,14,20,-8.00,-35.00,0.00,-59248.00
user24,|,15,20,-8.00,-35.00,0.00,-496185.00
user24,|,16,20,-8.00,-35.00,0.00,-865723.00
user24,|,17,20,-8.00,-35.00,0.00,-5874236.00
user24,|,18,20,-8.00,-35.00,0.00,-10.00
user24,|,19,20,-8.00,-35.00,0.00,-159.00
user24,|,20,20,-8.00,-35.00,0.00,-91458632.00
user24,|,1,4,25.00,-10.00,0.00,-354.00
user24,|,2,4,25.00,-10.00,0.00,-679.00
user24,|,3,4,25.00,-10.00,0.00,-1469.00
user24,|,4,4,25.00,-10.00,0.00,-3497.00
user24,|,1,15,0.00,-3.00,0.00,-150.00
user24,|,2,15,0.00,-3.00,0.00,-200.00
user24,|,3,15,0.00,-3.00,0.00,-170.00
user24,|,4,15,0.00,-3.00,0.00,-200.00
user24,|,5,15,0.00,-3.00,0.00,-250.00
user24,|,6,15,0.00,-3.00,0.00,-300.00
user24,|,7,15,0.00,-3.00,0.00,-400.00
user24,|,8,15,0.00,-3.00,0.00,-1.00
user24,|,9,15,0.00,-3.00,0.00,-20.00
user24,|,10,15,0.00,-3.00,0.00,-300.00
user24,|,11,15,0.00,-3.00,0.00,-500.00
user24,|,12,15,0.00,-3.00,0.00,-600.00
user24,|,13,15,0.00,-3.00,0.00,-1000.00
user24,|,14,15,0.00,-3.00,0.00,-2000.00
user24,|,15,15,0.00,-3.00,0.00,-3000.00
user24,|,1,1,-25.00,0.00,0.00,-10.00
user24,|,1,2,8.00,2.00,0.00,23.00
user24,|,2,2,8.00,2.00,0.00,79.00
user24,|,1,5,-2.00,8.00,0.00,156.00
user24,|,2,5,-2.00,8.00,0.00,264.00
user24,|,3,5,-2.00,8.00,0.00,874.00
user24,|,4,5,-2.00,8.00,0.00,1348.00
user24,|,5,5,-2.00,8.00,0.00,2648.00
user24,|,1,24,-60.00,35.00,0.00,0.00
user24,|,2,24,-60.00,35.00,0.00,-10.00
user24,|,3,24,-60.00,35.00,0.00,5000.00
user24,|,4,24,-60.00,35.00,0.00,-3600.00
user24,|,5,24,-60.00,35.00,0.00,-1200.00
user24,|,6,24,-60.00,35.00,0.00,3600.00
user24,|,7,24,-60.00,35.00,0.00,5000000.00
user24,|,8,24,-60.00,35.00,0.00,-100000.00
user24,|,9,24,-60.00,35.00,0.00,3700.00
user24,|,10,24,-60.00,35.00,0.00,-1.00
user24,|,11,24,-60.00,35.00,0.00,1576.00
user24,|,12,24,-60.00,35.00,0.00,3796.00
user24,|,13,24,-60.00,35.00,0.00,5876.00
user24,|,14,24,-60.00,35.00,0.00,10985.00
user24,|,15,24,-60.00,35.00,0.00,57642.00
user24,|,16,24,-60.00,35.00,0.00,974268.00
user24,|,17,24,-60.00,35.00,0.00,103845.00
user24,|,18,24,-60.00,35.00,0.00,378469.00
user24,|,19,24,-60.00,35.00,0.00,-1245876.00
user24,|,20,24,-60.00,35.00,0.00,3489563.00
user24,|,21,24,-60.00,35.00,0.00,5781348.00
user24,|,22,24,-60.00,35.00,0.00,37589621.00
user24,|,23,24,-60.00,35.00,0.00,9752186.00
user24,|,24,24,-60.00,35.00,0.00,854723659.00
user25,|,1,3,-5.00,-35.00,0.00,-500000.00
user25,|,2,3,-5.00,-35.00,0.00,-1000000.00
user25,|,3,3,-5.00,-35.00,0.00,-1500000.00
user25,|,1,4,40.00,-10.00,0.00,-40.00
user25,|,2,4,40.00,-10.00,0.00,-400.00
user25,|,3,4,40.00,-10.00,0.00,-450.00
user25,|,4,4,40.00,-10.00,0.00,-300.00
user25,|,1,7,1.00,-3.00,0.00,-100.00
user25,|,2,7,1.00,-3.00,0.00,20.00
user25,|,3,7,1.00,-3.00,0.00,-10.00
user25,|,4,7,1.00,-3.00,0.00,150.00
user25,|,5,7,1.00,-3.00,0.00,10.00
user25,|,6,7,1.00,-3.00,0.00,20.00
user25,|,7,7,1.00,-3.00,0.00,-100.00
user25,|,1,1,-10.00,0.00,0.00,0.00
user25,|,1,8,10.00,2.00,0.00,20.00
user25,|,2,8,10.00,2.00,0.00,50.00
user25,|,3,8,10.00,2.00,0.00,200.00
user25,|,4,8,10.00,2.00,0.00,1000.00
user25,|,5,8,10.00,2.00,0.00,2000.00
user25,|,6,8,10.00,2.00,0.00,5000.00
user25,|,7,8,10.00,2.00,0.00,8000.00
user25,|,8,8,10.00,2.00,0.00,10000.00
user25,|,1,1,-1.00,8.00,0.00,3000.00
user25,|,1,9,-40.00,35.00,0.00,15000.00
user25,|,2,9,-40.00,35.00,0.00,12000.00
user25,|,3,9,-40.00,35.00,0.00,13000.00
user25,|,4,9,-40.00,35.00,0.00,1500.00
user25,|,5,9,-40.00,35.00,0.00,18000.00
user25,|,6,9,-40.00,35.00,0.00,20000.00
user25,|,7,9,-40.00,35.00,0.00,250000.00
user25,|,8,9,-40.00,35.00,0.00,500000.00
user25,|,9,9,-40.00,35.00,0.00,2500000.00
user26,|,1,2,-3.00,-35.00,0.00,-3489562.00
user26,|,2,2,-3.00,-35.00,0.00,-5486295.00
user26,|,1,13,60.00,-10.00,0.00,1.00
user26,|,2,13,60.00,-10.00,0.00,-246.00
user26,|,3,13,60.00,-10.00,0.00,-3758.00
user26,|,4,13,60.00,-10.00,0.00,-6792.00
user26,|,5,13,60.00,-10.00,0.00,-122456.00
user26,|,6,13,60.00,-10.00,0.00,-289563.00
user26,|,7,13,60.00,-10.00,0.00,-375896.00
user26,|,8,13,60.00,-10.00,0.00,-579624.00
user26,|,9,13,60.00,-10.00,0.00,-856972.00
user26,|,10,13,60.00,-10.00,0.00,-123456789.00
user26,|,11,13,60.00,-10.00,0.00,-1852476.00
user26,|,12,13,60.00,-10.00,0.00,-1000.00
user26,|,13,13,60.00,-10.00,0.00,-346.00
user26,|,1,7,2.00,-3.00,0.00,-3600.00
user26,|,2,7,2.00,-3.00,0.00,-12000.00
user26,|,3,7,2.00,-3.00,0.00,-120000.00
user26,|,4,7,2.00,-3.00,0.00,-50000.00
user26,|,5,7,2.00,-3.00,0.00,-234.00
user26,|,6,7,2.00,-3.00,0.00,-987.00
user26,|,7,7,2.00,-3.00,0.00,-2486.00
user26,|,1,4,-8.00,0.00,0.00,0.00
user26,|,2,4,-8.00,0.00,0.00,-200.00
user26,|,3,4,-8.00,0.00,0.00,-12.00
user26,|,4,4,-8.00,0.00,0.00,-10.00
user26,|,1,5,25.00,2.00,0.00,150000.00
user26,|,2,5,25.00,2.00,0.00,25.00
user26,|,3,5,25.00,2.00,0.00,50.00
user26,|,4,5,25.00,2.00,0.00,67.00
user26,|,5,5,25.00,2.00,0.00,123.00
user26,|,1,1,0.00,8.00,0.00,3000.00
user26,|,1,19,-25.00,35.00,0.00,156486.00
user26,|,2,19,-25.00,35.00,0.00,123.00
user26,|,3,19,-25.00,35.00,0.00,489658.00
user26,|,4,19,-25.00,35.00,0.00,94536.00
user26,|,5,19,-25.00,35.00,0.00,158649.00
user26,|,6,19,-25.00,35.00,0.00,378945.00
user26,|,7,19,-25.00,35.00,0.00,1287963.00
user26,|,8,19,-25.00,35.00,0.00,4796523.00
user26,|,9,19,-25.00,35.00,0.00,12854963.00
user26,|,10,19,-25.00,35.00,0.00,78539486.00
user26,|,11,19,-25.00,35.00,0.00,4785369.00
user26,|,12,19,-25.00,35.00,0.00,2348965.00
user26,|,13,19,-25.00,35.00,0.00,58796432.00
user26,|,14,19,-25.00,35.00,0.00,3849536.00
user26,|,15,19,-25.00,35.00,0.00,89475269.00
user26,|,16,19,-25.00,35.00,0.00,4785932.00
user26,|,17,19,-25.00,35.00,0.00,1879.00
user26,|,18,19,-25.00,35.00,0.00,-1965.00
user26,|,19,19,-25.00,35.00,0.00,1915.00
user27,|,1,1,-2.00,-35.00,0.00,-13000.00
user27,|,1,10,-60.00,-8.00,0.00,-3000000.00
user27,|,2,10,-60.00,-8.00,0.00,300.00
user27,|,3,10,-60.00,-8.00,0.00,-300.00
user27,|,4,10,-60.00,-8.00,0.00,-5600.00
user27,|,5,10,-60.00,-8.00,0.00,-10000.00
user27,|,6,10,-60.00,-8.00,0.00,-65000.00
user27,|,7,10,-60.00,-8.00,0.00,-12000000.00
user27,|,8,10,-60.00,-8.00,0.00,-1200000.00
user27,|,9,10,-60.00,-8.00,0.00,56000.00
user27,|,10,10,-60.00,-8.00,0.00,-67000.00
user27,|,1,9,3.00,-3.00,0.00,-200.00
user27,|,2,9,3.00,-3.00,0.00,-100.00
user27,|,3,9,3.00,-3.00,0.00,-1000.00
user27,|,4,9,3.00,-3.00,0.00,100.00
user27,|,5,9,3.00,-3.00,0.00,10.00
user27,|,6,9,3.00,-3.00,0.00,-20.00
user27,|,7,9,3.00,-3.00,0.00,-20.00
user27,|,8,9,3.00,-3.00,0.00,1.00
user27,|,9,9,3.00,-3.00,0.00,-3000.00
user27,|,1,1,-5.00,0.00,0.00,-10.00
user27,|,1,2,40.00,2.00,0.00,20.00
user27,|,2,2,40.00,2.00,0.00,156.00
user27,|,1,10,1.00,8.00,0.00,4000000.00
user27,|,2,10,1.00,8.00,0.00,5000000.00
user27,|,3,10,1.00,8.00,0.00,6000000.00
user27,|,4,10,1.00,8.00,0.00,7000000.00
user27,|,5,10,1.00,8.00,0.00,8000000.00
user27,|,6,10,1.00,8.00,0.00,-10.00
user27,|,7,10,1.00,8.00,0.00,3000000.00
user27,|,8,10,1.00,8.00,0.00,400000.00
user27,|,9,10,1.00,8.00,0.00,-1000.00
user27,|,10,10,1.00,8.00,0.00,10000.00
user27,|,1,1,-10.00,35.00,0.00,12000.00
user28,|,1,7,-1.00,-35.00,0.00,-670000000.00
user28,|,2,7,-1.00,-35.00,0.00,-58000000.00
user28,|,3,7,-1.00,-35.00,0.00,-3584.00
user28,|,4,7,-1.00,-35.00,0.00,-3854.00
user28,|,5,7,-1.00,-35.00,0.00,-38456.00
user28,|,6,7,-1.00,-35.00,0.00,-59784.00
user28,|,7,7,-1.00,-35.00,0.00,-98456.00
user28,|,1,4,-40.00,-8.00,0.00,-159.00
user28,|,2,4,-40.00,-8.00,0.00,-1286.00
user28,|,3,4,-40.00,-8.00,0.00,-2763.00
user28,|,4,4,-40.00,-8.00,0.00,-3426.00
user28,|,1,3,5.00,-3.00,0.00,-23.00
user28,|,2,3,5.00,-3.00,0.00,-43.00
user28,|,3,3,5.00,-3.00,0.00,-69.00
user28,|,1,6,-3.00,0.00,0.00,-50.00
user28,|,2,6,-3.00,0.00,0.00,-600.00
user28,|,3,6,-3.00,0.00,0.00,-1800.00
user28,|,4,6,-3.00,0.00,0.00,-5000.00
user28,|,5,6,-3.00,0.00,0.00,1.00
user28,|,6,6,-3.00,0.00,0.00,0.00
user28,|,1,5,60.00,2.00,0.00,12.00
user28,|,2,5,60.00,2.00,0.00,69.00
user28,|,3,5,60.00,2.00,0.00,123.00
user28,|,4,5,60.00,2.00,0.00,248.00
user28,|,5,5,60.00,2.00,0.00,379.00
user28,|,1,4,2.00,8.00,0.00,567.00
user28,|,2,4,2.00,8.00,0.00,789.00
user28,|,3,4,2.00,8.00,0.00,1234.00
user28,|,4,4,2.00,8.00,0.00,2569.00
user28,|,1,5,-8.00,35.00,0.00,1659.00
user28,|,2,5,-8.00,35.00,0.00,2679.00
user28,|,3,5,-8.00,35.00,0.00,4128.00
user28,|,4,5,-8.00,35.00,0.00,3786.00
user28,|,5,5,-8.00,35.00,0.00,5867.00
user29,|,1,1,0.00,-35.00,0.00,-13000.00
user29,|,1,10,-25.00,-8.00,0.00,-1000000.00
user29,|,2,10,-25.00,-8.00,0.00,-2000000.00
user29,|,3,10,-25.00,-8.00,0.00,-1500000.00
user29,|,4,10,-25.00,-8.00,0.00,-10000000.00
user29,|,5,10,-25.00,-8.00,0.00,-1000.00
user29,|,6,10,-25.00,-8.00,0.00,-2000.00
user29,|,7,10,-25.00,-8.00,0.00,-70000.00
user29,|,8,10,-25.00,-8.00,0.00,-100000.00
user29,|,9,10,-25.00,-8.00,0.00,-200000.00
user29,|,10,10,-25.00,-8.00,0.00,-300000.00
user29,|,1,2,8.00,-3.00,0.00,-3000.00
user29,|,2,2,8.00,-3.00,0.00,-100.00
user29,|,1,4,-2.00,0.00,0.00,-2.00
user29,|,2,4,-2.00,0.00,0.00,950000.00
user29,|,3,4,-2.00,0.00,0.00,3600000.00
user29,|,4,4,-2.00,0.00,0.00,-12.00
user29,|,1,2,-60.00,3.00,0.00,100.00
user29,|,2,2,-60.00,3.00,0.00,50.00
user29,|,1,8,3.00,8.00,0.00,30000.00
user29,|,2,8,3.00,8.00,0.00,300000.00
user29,|,3,8,3.00,8.00,0.00,600000.00
user29,|,4,8,3.00,8.00,0.00,700000.00
user29,|,5,8,3.00,8.00,0.00,8000000.00
user29,|,6,8,3.00,8.00,0.00,9000000.00
user29,|,7,8,3.00,8.00,0.00,10000000.00
user29,|,8,8,3.00,8.00,0.00,10000.00
user29,|,1,1,-5.00,35.00,0.00,12000.00
user3,|,1,3,-25.00,-50.00,0.00,-1200000.00
user3,|,2,3,-25.00,-50.00,0.00,-1000000.00
user3,|,3,3,-25.00,-50.00,0.00,-1300000.00
user3,|,1,1,8.00,-20.00,0.00,-4000.00
user3,|,1,11,-2.00,-5.00,0.00,-3600.00
user3,|,2,11,-2.00,-5.00,0.00,-1500000.00
user3,|,3,11,-2.00,-5.00,0.00,-3600.00
user3,|,4,11,-2.00,-5.00,0.00,-750000.00
user3,|,5,11,-2.00,-5.00,0.00,-3000000.00
user3,|,6,11,-2.00,-5.00,0.00,-2000000.00
user3,|,7,11,-2.00,-5.00,0.00,-1000000.00
user3,|,8,11,-2.00,-5.00,0.00,-700000.00
user3,|,9,11,-2.00,-5.00,0.00,-500000.00
user3,|,10,11,-2.00,-5.00,0.00,-4000000.00
user3,|,11,11,-2.00,-5.00,0.00,-5000000.00
user3,|,1,7,-60.00,-1.00,0.00,-10000.00
user3,|,2,7,-60.00,-1.00,0.00,-30000000.00
user3,|,3,7,-60.00,-1.00,0.00,-3000000.00
user3,|,4,7,-60.00,-1.00,0.00,-120000000.00
user3,|,5,7,-60.00,-1.00,0.00,-500000.00
user3,|,6,7,-60.00,-1.00,0.00,-18000.00
user3,|,7,7,-60.00,-1.00,0.00,-370000.00
user3,|,1,1,3.00,1.00,0.00,5.00
user3,|,1,1,-5.00,5.00,0.00,200.00
user3,|,1,2,40.00,10.00,0.00,3000000.00
user3,|,2,2,40.00,10.00,0.00,4000.00
user3,|,1,17,1.00,50.00,0.00,12000000.00
user3,|,2,17,1.00,50.00,0.00,1800000.00
user3,|,3,17,1.00,50.00,0.00,850000.00
user3,|,4,17,1.00,50.00,0.00,85000.00
user3,|,5,17,1.00,50.00,0.00,8570000.00
user3,|,6,17,1.00,50.00,0.00,10000.00
user3,|,7,17,1.00,50.00,0.00,1000000.00
user3,|,8,17,1.00,50.00,0.00,20000000.00
user3,|,9,17,1.00,50.00,0.00,2000000.00
user3,|,10,17,1.00,50.00,0.00,10000.00
user3,|,11,17,1.00,50.00,0.00,1000000.00
user3,|,12,17,1.00,50.00,0.00,7000000.00
user3,|,13,17,1.00,50.00,0.00,100.00
user3,|,14,17,1.00,50.00,0.00,100000.00
user3,|,15,17,1.00,50.00,0.00,1000000.00
user3,|,16,17,1.00,50.00,0.00,20000000.00
user3,|,17,17,1.00,50.00,0.00,2000000.00
user30,|,1,4,1.00,-35.00,0.00,-16000000.00
user30,|,2,4,1.00,-35.00,0.00,-50000000.00
user30,|,3,4,1.00,-35.00,0.00,-98456.00
user30,|,4,4,1.00,-35.00,0.00,-9845612.00
user30,|,1,2,-10.00,-8.00,0.00,-1698.00
user30,|,2,2,-10.00,-8.00,0.00,-3489.00
user30,|,1,2,10.00,-3.00,0.00,1.00
user30,|,2,2,10.00,-3.00,0.00,-123.00
user30,|,1,1,-1.00,0.00,0.00,0.00
user30,|,1,2,-40.00,3.00,0.00,-1.00
user30,|,2,2,-40.00,3.00,0.00,15.00
user30,|,1,3,5.00,8.00,0.00,123456.00
user30,|,2,3,5.00,8.00,0.00,296485.00
user30,|,3,3,5.00,8.00,0.00,312485.00
user30,|,1,10,-3.00,35.00,0.00,345986.00
user30,|,2,10,-3.00,35.00,0.00,789436.00
user30,|,3,10,-3.00,35.00,0.00,1489563.00
user30,|,4,10,-3.00,35.00,0.00,3458769.00
user30,|,5,10,-3.00,35.00,0.00,7896324.00
user30,|,6,10,-3.00,35.00,0.00,9245638.00
user30,|,7,10,-3.00,35.00,0.00,10547953.00
user30,|,8,10,-3.00,35.00,0.00,26598475.00
user30,|,9,10,-3.00,35.00,0.00,34895623.00
user30,|,10,10,-3.00,35.00,0.00,258963.00
user31,|,1,1,2.00,-35.00,0.00,-13000.00
user31,|,1,9,-8.00,-8.00,0.00,-1.00
user31,|,2,9,-8.00,-8.00,0.00,-50.00
user31,|,3,9,-8.00,-8.00,0.00,-100.00
user31,|,4,9,-8.00,-8.00,0.00,-150.00
user31,|,5,9,-8.00,-8.00,0.00,-200.00
user31,|,6,9,-8.00,-8.00,0.00,-250.00
user31,|,7,9,-8.00,-8.00,0.00,-300.00
user31,|,8,9,-8.00,-8.00,0.00,-350.00
user31,|,9,9,-8.00,-8.00,0.00,-400.00
user31,|,1,1,25.00,-3.00,0.00,-100.00
user31,|,1,6,0.00,0.00,0.00,0.00
user31,|,2,6,0.00,0.00,0.00,2.00
user31,|,3,6,0.00,0.00,0.00,5.00
user31,|,4,6,0.00,0.00,0.00,1.00
user31,|,5,6,0.00,0.00,0.00,0.00
user31,|,6,6,0.00,0.00,0.00,-10.00
user31,|,1,9,-25.00,3.00,0.00,10000.00
user31,|,2,9,-25.00,3.00,0.00,50000.00
user31,|,3,9,-25.00,3.00,0.00,10000.00
user31,|,4,9,-25.00,3.00,0.00,125000.00
user31,|,5,9,-25.00,3.00,0.00,500000.00
user31,|,6,9,-25.00,3.00,0.00,800000.00
user31,|,7,9,-25.00,3.00,0.00,1000000.00
user31,|,8,9,-25.00,3.00,0.00,2000000.00
user31,|,9,9,-25.00,3.00,0.00,100.00
user31,|,1,8,8.00,8.00,0.00,100.00
user31,|,2,8,8.00,8.00,0.00,250.00
user31,|,3,8,8.00,8.00,0.00,350.00
user31,|,4,8,8.00,8.00,0.00,450.00
user31,|,5,8,8.00,8.00,0.00,500.00
user31,|,6,8,8.00,8.00,0.00,1000.00
user31,|,7,8,8.00,8.00,0.00,2000.00
user31,|,8,8,8.00,8.00,0.00,3000.00
user31,|,1,1,-2.00,35.00,0.00,12000.00
user32,|,1,4,3.00,-35.00,0.00,4000000.00
user32,|,2,4,3.00,-35.00,0.00,-6000000.00
user32,|,3,4,3.00,-35.00,0.00,-1548962.00
user32,|,4,4,3.00,-35.00,0.00,-3478965.00
user32,|,1,3,-5.00,-8.00,0.00,-123456.00
user32,|,2,3,-5.00,-8.00,0.00,-248953.00
user32,|,3,3,-5.00,-8.00,0.00,-378649.00
user32,|,1,4,40.00,-3.00,0.00,1.00
user32,|,2,4,40.00,-3.00,0.00,-156.00
user32,|,3,4,40.00,-3.00,0.00,24.00
user32,|,4,4,40.00,-3.00,0.00,-59.00
user32,|,1,5,1.00,0.00,0.00,-1.00
user32,|,2,5,1.00,0.00,0.00,0.00
user32,|,3,5,1.00,0.00,0.00,21.00
user32,|,4,5,1.00,0.00,0.00,-32.00
user32,|,5,5,1.00,0.00,0.00,-12.00
user32,|,1,2,-10.00,3.00,0.00,26.00
user32,|,2,2,-10.00,3.00,0.00,123.00
user32,|,1,2,10.00,8.00,0.00,1596.00
user32,|,2,2,10.00,8.00,0.00,3486.00
user32,|,1,2,-1.00,35.00,0.00,3558.00
user32,|,2,2,-1.00,35.00,0.00,6479.00
user33,|,1,1,5.00,-35.00,0.00,-13000.00
user33,|,1,2,-3.00,-8.00,0.00,-2000000.00
user33,|,2,2,-3.00,-8.00,0.00,-3000000.00
user33,|,1,1,60.00,-3.00,0.00,-10.00
user33,|,1,2,2.00,0.00,0.00,12.00
user33,|,2,2,2.00,0.00,0.00,0.00
user33,|,1,1,-8.00,3.00,0.00,10000.00
user33,|,1,14,25.00,8.00,0.00,12000.00
user33,|,2,14,25.00,8.00,0.00,37000.00
user33,|,3,14,25.00,8.00,0.00,137000.00
user33,|,4,14,25.00,8.00,0.00,1000000.00
user33,|,5,14,25.00,8.00,0.00,800000.00
user33,|,6,14,25.00,8.00,0.00,12000000.00
user33,|,7,14,25.00,8.00,0.00,200.00
user33,|,8,14,25.00,8.00,0.00,250.00
user33,|,9,14,25.00,8.00,0.00,300.00
user33,|,10,14,25.00,8.00,0.00,350.00
user33,|,11,14,25.00,8.00,0.00,400.00
user33,|,12,14,25.00,8.00,0.00,450.00
user33,|,13,14,25.00,8.00,0.00,500.00
user33,|,14,14,25.00,8.00,0.00,550.00
user33,|,1,11,0.00,35.00,0.00,7000.00
user33,|,2,11,0.00,35.00,0.00,6000.00
user33,|,3,11,0.00,35.00,0.00,5000.00
user33,|,4,11,0.00,35.00,0.00,4000.00
user33,|,5,11,0.00,35.00,0.00,3000.00
user33,|,6,11,0.00,35.00,0.00,2000.00
user33,|,7,11,0.00,35.00,0.00,7500.00
user33,|,8,11,0.00,35.00,0.00,8000.00
user33,|,9,11,0.00,35.00,0.00,9000.00
user33,|,10,11,0.00,35.00,0.00,10000.00
user33,|,11,11,0.00,35.00,0.00,12000.00
user34,|,1,6,8.00,-35.00,0.00,-165.00
user34,|,2,6,8.00,-35.00,0.00,-389.00
user34,|,3,6,8.00,-35.00,0.00,-765.00
user34,|,4,6,8.00,-35.00,0.00,-1349.00
user34,|,5,6,8.00,-35.00,0.00,-3456.00
user34,|,6,6,8.00,-35.00,0.00,-4936.00
user34,|,1,6,-2.00,-8.00,0.00,-548792.00
user34,|,2,6,-2.00,-8.00,0.00,-346971.00
user34,|,3,6,-2.00,-8.00,0.00,-123458.00
user34,|,4,6,-2.00,-8.00,0.00,-248796.00
user34,|,5,6,-2.00,-8.00,0.00,-785469.00
user34,|,6,6,-2.00,-8.00,0.00,-1245879.00
user34,|,1,6,-60.00,-2.00,0.00,0.00
user34,|,2,6,-60.00,-2.00,0.00,-30.00
user34,|,3,6,-60.00,-2.00,0.00,-98.00
user34,|,4,6,-60.00,-2.00,0.00,-156.00
user34,|,5,6,-60.00,-2.00,0.00,-239.00
user34,|,6,6,-60.00,-2.00,0.00,-378.00
user34,|,1,1,3.00,0.00,0.00,0.00
user34,|,1,3,-5.00,3.00,0.00,1000000.00
user34,|,2,3,-5.00,3.00,0.00,23.00
user34,|,3,3,-5.00,3.00,0.00,89.00
user34,|,1,7,40.00,8.00,0.00,156.00
user34,|,2,7,40.00,8.00,0.00,384.00
user34,|,3,7,40.00,8.00,0.00,576.00
user34,|,4,7,40.00,8.00,0.00,873.00
user34,|,5,7,40.00,8.00,0.00,1497.00
user34,|,6,7,40.00,8.00,0.00,2679.00
user34,|,7,7,40.00,8.00,0.00,3579.00
user34,|,1,4,1.00,35.00,0.00,3456.00
user34,|,2,4,1.00,35.00,0.00,9874.00
user34,|,3,4,1.00,35.00,0.00,123654.00
user34,|,4,4,1.00,35.00,0.00,254879.00
user35,|,1,1,10.00,-35.00,0.00,-13000.00
user35,|,1,5,-1.00,-8.00,0.00,-65000000.00
user35,|,2,5,-1.00,-8.00,0.00,-8000000.00
user35,|,3,5,-1.00,-8.00,0.00,-180000000.00
user35,|,4,5,-1.00,-8.00,0.00,-8000000.00
user35,|,5,5,-1.00,-8.00,0.00,-9000000.00
user35,|,1,5,-40.00,-2.00,0.00,-2000000.00
user35,|,2,5,-40.00,-2.00,0.00,-1500000.00
user35,|,3,5,-40.00,-2.00,0.00,-15000000.00
user35,|,4,5,-40.00,-2.00,0.00,-3500000.00
user35,|,5,5,-40.00,-2.00,0.00,-6000000.00
user35,|,1,1,5.00,0.00,0.00,10.00
user35,|,1,1,-3.00,3.00,0.00,10000.00
user35,|,1,15,60.00,8.00,0.00,50000.00
user35,|,2,15,60.00,8.00,0.00,1200000.00
user35,|,3,15,60.00,8.00,0.00,250.00
user35,|,4,15,60.00,8.00,0.00,300.00
user35,|,5,15,60.00,8.00,0.00,500.00
user35,|,6,15,60.00,8.00,0.00,600.00
user35,|,7,15,60.00,8.00,0.00,650.00
user35,|,8,15,60.00,8.00,0.00,700.00
user35,|,9,15,60.00,8.00,0.00,900.00
user35,|,10,15,60.00,8.00,0.00,1000.00
user35,|,11,15,60.00,8.00,0.00,2000.00
user35,|,12,15,60.00,8.00,0.00,2500.00
user35,|,13,15,60.00,8.00,0.00,3500.00
user35,|,14,15,60.00,8.00,0.00,4500.00
user35,|,15,15,60.00,8.00,0.00,5000.00
user35,|,1,11,2.00,35.00,0.00,50000.00
user35,|,2,11,2.00,35.00,0.00,120000.00
user35,|,3,11,2.00,35.00,0.00,3600.00
user35,|,4,11,2.00,35.00,0.00,78000.00
user35,|,5,11,2.00,35.00,0.00,1200000.00
user35,|,6,11,2.00,35.00,0.00,500000.00
user35,|,7,11,2.00,35.00,0.00,7000000.00
user35,|,8,11,2.00,35.00,0.00,600000.00
user35,|,9,11,2.00,35.00,0.00,700000.00
user35,|,10,11,2.00,35.00,0.00,70000.00
user35,|,11,11,2.00,35.00,0.00,-10000.00
user36,|,1,14,25.00,-35.00,0.00,-235.00
user36,|,2,14,25.00,-35.00,0.00,-1469.00
user36,|,3,14,25.00,-35.00,0.00,-2796.00
user36,|,4,14,25.00,-35.00,0.00,-5498.00
user36,|,5,14,25.00,-35.00,0.00,-12486.00
user36,|,6,14,25.00,-35.00,0.00,-34896.00
user36,|,7,14,25.00,-35.00,0.00,-54963.00
user36,|,8,14,25.00,-35.00,0.00,-79123.00
user36,|,9,14,25.00,-35.00,0.00,-9958426.00
user36,|,10,14,25.00,-35.00,0.00,-21589662.00
user36,|,11,14,25.00,-35.00,0.00,-48955213.00
user36,|,12,14,25.00,-35.00,0.00,-2356985.00
user36,|,13,14,25.00,-35.00,0.00,-34578965.00
user36,|,14,14,25.00,-35.00,0.00,-87549632.00
user36,|,1,4,0.00,-8.00,0.00,-12458.00
user36,|,2,4,0.00,-8.00,0.00,-1548.00
user36,|,3,4,0.00,-8.00,0.00,-45879.00
user36,|,4,4,0.00,-8.00,0.00,-24569.00
user36,|,1,1,-25.00,-2.00,0.00,-150.00
user36,|,1,2,8.00,0.00,0.00,0.00
user36,|,2,2,8.00,0.00,0.00,3000.00
user36,|,1,6,-2.00,3.00,0.00,5000.00
user36,|,2,6,-2.00,3.00,0.00,12000.00
user36,|,3,6,-2.00,3.00,0.00,0.00
user36,|,4,6,-2.00,3.00,0.00,20.00
user36,|,5,6,-2.00,3.00,0.00,56.00
user36,|,6,6,-2.00,3.00,0.00,89.00
user36,|,1,11,-60.00,10.00,0.00,1234.00
user36,|,2,11,-60.00,10.00,0.00,23456.00
user36,|,3,11,-60.00,10.00,0.00,542.00
user36,|,4,11,-60.00,10.00,0.00,128.00
user36,|,5,11,-60.00,10.00,0.00,57896.00
user36,|,6,11,-60.00,10.00,0.00,123456.00
user36,|,7,11,-60.00,10.00,0.00,578563.00
user36,|,8,11,-60.00,10.00,0.00,23569874.00
user36,|,9,11,-60.00,10.00,0.00,85475632.00
user36,|,10,11,-60.00,10.00,0.00,1245889652657.00
user36,|,11,11,-60.00,10.00,0.00,-3600.00
user36,|,1,4,3.00,35.00,0.00,35986.00
user36,|,2,4,3.00,35.00,0.00,123456.00
user36,|,3,4,3.00,35.00,0.00,234896.00
user36,|,4,4,3.00,35.00,0.00,378965.00
user37,|,1,18,40.00,-35.00,0.00,-13000.00
user37,|,2,18,40.00,-35.00,0.00,-1200.00
user37,|,3,18,40.00,-35.00,0.00,-10000.00
user37,|,4,18,40.00,-35.00,0.00,-12000.00
user37,|,5,18,40.00,-35.00,0.00,-15000.00
user37,|,6,18,40.00,-35.00,0.00,-20000.00
user37,|,7,18,40.00,-35.00,0.00,-100.00
user37,|,8,18,40.00,-35.00,0.00,-200.00
user37,|,9,18,40.00,-35.00,0.00,-10.00
user37,|,10,18,40.00,-35.00,0.00,-50.00
user37,|,11,18,40.00,-35.00,0.00,-40.00
user37,|,12,18,40.00,-35.00,0.00,-150.00
user37,|,13,18,40.00,-35.00,0.00,-180.00
user37,|,14,18,40.00,-35.00,0.00,-250.00
user37,|,15,18,40.00,-35.00,0.00,-340.00
user37,|,16,18,40.00,-35.00,0.00,-700.00
user37,|,17,18,40.00,-35.00,0.00,-900.00
user37,|,18,18,40.00,-35.00,0.00,-300000.00
user37,|,1,2,1.00,-8.00,0.00,-400.00
user37,|,2,2,1.00,-8.00,0.00,-350.00
user37,|,1,5,-10.00,-2.00,0.00,-3600000.00
user37,|,2,5,-10.00,-2.00,0.00,-1000.00
user37,|,3,5,-10.00,-2.00,0.00,-500.00
user37,|,4,5,-10.00,-2.00,0.00,-300.00
user37,|,5,5,-10.00,-2.00,0.00,-3000.00
user37,|,1,1,10.00,0.00,0.00,1.00
user37,|,1,1,-1.00,3.00,0.00,10000.00
user37,|,1,16,-40.00,10.00,0.00,1000.00
user37,|,2,16,-40.00,10.00,0.00,500.00
user37,|,3,16,-40.00,10.00,0.00,400.00
user37,|,4,16,-40.00,10.00,0.00,2000.00
user37,|,5,16,-40.00,10.00,0.00,30000.00
user37,|,6,16,-40.00,10.00,0.00,5000.00
user37,|,7,16,-40.00,10.00,0.00,6000.00
user37,|,8,16,-40.00,10.00,0.00,12000.00
user37,|,9,16,-40.00,10.00,0.00,150000.00
user37,|,10,16,-40.00,10.00,0.00,200.00
user37,|,11,16,-40.00,10.00,0.00,10.00
user37,|,12,16,-40.00,10.00,0.00,0.00
user37,|,13,16,-40.00,10.00,0.00,80000.00
user37,|,14,16,-40.00,10.00,0.00,500000.00
user37,|,15,16,-40.00,10.00,0.00,1000000.00
user37,|,16,16,-40.00,10.00,0.00,5000000.00
user37,|,1,15,5.00,35.00,0.00,300.00
user37,|,2,15,5.00,35.00,0.00,400.00
user37,|,3,15,5.00,35.00,0.00,550.00
user37,|,4,15,5.00,35.00,0.00,650.00
user37,|,5,15,5.00,35.00,0.00,740.00
user37,|,6,15,5.00,35.00,0.00,800.00
user37,|,7,15,5.00,35.00,0.00,900.00
user37,|,8,15,5.00,35.00,0.00,1000.00
user37,|,9,15,5.00,35.00,0.00,100000.00
user37,|,10,15,5.00,35.00,0.00,2000.00
user37,|,11,15,5.00,35.00,0.00,3000.00
user37,|,12,15,5.00,35.00,0.00,4000.00
user37,|,13,15,5.00,35.00,0.00,5000.00
user37,|,14,15,5.00,35.00,0.00,6000.00
user37,|,15,15,5.00,35.00,0.00,7000.00
user38,|,1,15,60.00,-35.00,0.00,-123456.00
user38,|,2,15,60.00,-35.00,0.00,-379465.00
user38,|,3,15,60.00,-35.00,0.00,-597638.00
user38,|,4,15,60.00,-35.00,0.00,-984236.00
user38,|,5,15,60.00,-35.00,0.00,-1234567.00
user38,|,6,15,60.00,-35.00,0.00,-3489563.00
user38,|,7,15,60.00,-35.00,0.00,-7845236.00
user38,|,8,15,60.00,-35.00,0.00,-124578963.00
user38,|,9,15,60.00,-35.00,0.00,-65789346.00
user38,|,10,15,60.00,-35.00,0.00,-1234567895.00
user38,|,11,15,60.00,-35.00,0.00,100000.00
user38,|,12,15,60.00,-35.00,0.00,10000.00
user38,|,13,15,60.00,-35.00,0.00,-100000.00
user38,|,14,15,60.00,-35.00,0.00,-50000.00
user38,|,15,15,60.00,-35.00,0.00,-10000.00
user38,|,1,6,2.00,-8.00,0.00,-1200000.00
user38,|,2,6,2.00,-8.00,0.00,-800000.00
user38,|,3,6,2.00,-8.00,0.00,-100000.00
user38,|,4,6,2.00,-8.00,0.00,-500000.00
user38,|,5,6,2.00,-8.00,0.00,-4678.00
user38,|,6,6,2.00,-8.00,0.00,-123456.00
user38,|,1,3,-8.00,-2.00,0.00,-20.00
user38,|,2,3,-8.00,-2.00,0.00,-2.00
user38,|,3,3,-8.00,-2.00,0.00,-55.00
user38,|,1,3,25.00,0.00,0.00,980.00
user38,|,2,3,25.00,0.00,0.00,3000.00
user38,|,3,3,25.00,0.00,0.00,10.00
user38,|,1,3,0.00,3.00,0.00,55.00
user38,|,2,3,0.00,3.00,0.00,68.00
user38,|,3,3,0.00,3.00,0.00,112.00
user38,|,1,21,-25.00,10.00,0.00,3245.00
user38,|,2,21,-25.00,10.00,0.00,156.00
user38,|,3,21,-25.00,10.00,0.00,4679.00
user38,|,4,21,-25.00,10.00,0.00,128459.00
user38,|,5,21,-25.00,10.00,0.00,389465.00
user38,|,6,21,-25.00,10.00,0.00,579638.00
user38,|,7,21,-25.00,10.00,0.00,795234.00
user38,|,8,21,-25.00,10.00,0.00,1458963.00
user38,|,9,21,-25.00,10.00,0.00,146.00
user38,|,10,21,-25.00,10.00,0.00,1245.00
user38,|,11,21,-25.00,10.00,0.00,1298648.00
user38,|,12,21,-25.00,10.00,0.00,34589625.00
user38,|,13,21,-25.00,10.00,0.00,2548963.00
user38,|,14,21,-25.00,10.00,0.00,7845219.00
user38,|,15,21,-25.00,10.00,0.00,3378459.00
user38,|,16,21,-25.00,10.00,0.00,34895620.00
user38,|,17,21,-25.00,10.00,0.00,-1.00
user38,|,18,21,-25.00,10.00,0.00,469.00
user38,|,19,21,-25.00,10.00,0.00,458.00
user38,|,20,21,-25.00,10.00,0.00,978456123.00
user38,|,21,21,-25.00,10.00,0.00,65589453.00
user38,|,1,11,8.00,35.00,0.00,238.00
user38,|,2,11,8.00,35.00,0.00,534.00
user38,|,3,11,8.00,35.00,0.00,934.00
user38,|,4,11,8.00,35.00,0.00,1864.00
user38,|,5,11,8.00,35.00,0.00,3846.00
user38,|,6,11,8.00,35.00,0.00,5123.00
user38,|,7,11,8.00,35.00,0.00,7348.00
user38,|,8,11,8.00,35.00,0.00,8349.00
user38,|,9,11,8.00,35.00,0.00,12458.00
user38,|,10,11,8.00,35.00,0.00,259648.00
user38,|,11,11,8.00,35.00,0.00,47635.00
user39,|,1,6,-60.00,-20.00,0.00,-7000000.00
user39,|,2,6,-60.00,-20.00,0.00,-6000000.00
user39,|,3,6,-60.00,-20.00,0.00,-11200000.00
user39,|,4,6,-60.00,-20.00,0.00,-9000000.00
user39,|,5,6,-60.00,-20.00,0.00,-11000000.00
user39,|,6,6,-60.00,-20.00,0.00,-4000000.00
user39,|,1,1,3.00,-8.00,0.00,-350.00
user39,|,1,5,-5.00,-2.00,0.00,-301111.00
user39,|,2,5,-5.00,-2.00,0.00,-200000.00
user39,|,3,5,-5.00,-2.00,0.00,-100000.00
user39,|,4,5,-5.00,-2.00,0.00,-80000.00
user39,|,5,5,-5.00,-2.00,0.00,-60000.00
user39,|,1,1,40.00,0.00,0.00,120.00
user39,|,1,1,1.00,3.00,0.00,10000.00
user39,|,1,6,-10.00,10.00,0.00,450.00
user39,|,2,6,-10.00,10.00,0.00,550500.00
user39,|,3,6,-10.00,10.00,0.00,650.00
user39,|,4,6,-10.00,10.00,0.00,600.00
user39,|,5,6,-10.00,10.00,0.00,700.00
user39,|,6,6,-10.00,10.00,0.00,10000.00
user39,|,1,19,10.00,35.00,0.00,10.00
user39,|,2,19,10.00,35.00,0.00,100.00
user39,|,3,19,10.00,35.00,0.00,500.00
user39,|,4,19,10.00,35.00,0.00,400.00
user39,|,5,19,10.00,35.00,0.00,700.00
user39,|,6,19,10.00,35.00,0.00,900.00
user39,|,7,19,10.00,35.00,0.00,1000.00
user39,|,8,19,10.00,35.00,0.00,1200.00
user39,|,9,19,10.00,35.00,0.00,1400.00
user39,|,10,19,10.00,35.00,0.00,1500.00
user39,|,11,19,10.00,35.00,0.00,1800.00
user39,|,12,19,10.00,35.00,0.00,2000.00
user39,|,13,19,10.00,35.00,0.00,2500.00
user39,|,14,19,10.00,35.00,0.00,3000.00
user39,|,15,19,10.00,35.00,0.00,3500.00
user39,|,16,19,10.00,35.00,0.00,4000.00
user39,|,17,19,10.00,35.00,0.00,5000.00
user39,|,18,19,10.00,35.00,0.00,6000.00
user39,|,19,19,10.00,35.00,0.00,7000.00
user4,|,1,11,-10.00,-50.00,0.00,-1246.00
user4,|,2,11,-10.00,-50.00,0.00,-3486.00
user4,|,3,11,-10.00,-50.00,0.00,-12946.00
user4,|,4,11,-10.00,-50.00,0.00,-27653.00
user4,|,5,11,-10.00,-50.00,0.00,-41658.00
user4,|,6,11,-10.00,-50.00,0.00,-54923.00
user4,|,7,11,-10.00,-50.00,0.00,-67345.00
user4,|,8,11,-10.00,-50.00,0.00,-84359.00
user4,|,9,11,-10.00,-50.00,0.00,-92348.00
user4,|,10,11,-10.00,-50.00,0.00,-159438.00
user4,|,11,11,-10.00,-50.00,0.00,-278349.00
user4,|,1,2,10.00,-20.00,0.00,-1569.00
user4,|,2,2,10.00,-20.00,0.00,-3489.00
user4,|,1,6,-1.00,-5.00,0.00,-1125.00
user4,|,2,6,-1.00,-5.00,0.00,-55.00
user4,|,3,6,-1.00,-5.00,0.00,-125.00
user4,|,4,6,-1.00,-5.00,0.00,-354.00
user4,|,5,6,-1.00,-5.00,0.00,-985.00
user4,|,6,6,-1.00,-5.00,0.00,-2500.00
user4,|,1,2,-40.00,-1.00,0.00,-26.00
user4,|,2,2,-40.00,-1.00,0.00,-156.00
user4,|,1,1,5.00,1.00,0.00,10.00
user4,|,1,4,-3.00,5.00,0.00,-10000.00
user4,|,2,4,-3.00,5.00,0.00,3496.00
user4,|,3,4,-3.00,5.00,0.00,12468.00
user4,|,4,4,-3.00,5.00,0.00,23486.00
user4,|,1,5,60.00,10.00,0.00,123456.00
user4,|,2,5,60.00,10.00,0.00,287563.00
user4,|,3,5,60.00,10.00,0.00,395726.00
user4,|,4,5,60.00,10.00,0.00,859347.00
user4,|,5,5,60.00,10.00,0.00,896423.00
user4,|,1,6,2.00,50.00,0.00,345976.00
user4,|,2,6,2.00,50.00,0.00,569783.00
user4,|,3,6,2.00,50.00,0.00,125896.00
user4,|,4,6,2.00,50.00,0.00,984367.00
user4,|,5,6,2.00,50.00,0.00,1697853.00
user4,|,6,6,2.00,50.00,0.00,3456792.00
user40,|,1,1,-40.00,-20.00,0.00,-34526.00
user40,|,1,11,5.00,-8.00,0.00,-3489.00
user40,|,2,11,5.00,-8.00,0.00,-1658.00
user40,|,3,11,5.00,-8.00,0.00,-4986.00
user40,|,4,11,5.00,-8.00,0.00,-7643.00
user40,|,5,11,5.00,-8.00,0.00,-9453.00
user40,|,6,11,5.00,-8.00,0.00,-12864.00
user40,|,7,11,5.00,-8.00,0.00,-24796.00
user40,|,8,11,5.00,-8.00,0.00,-34956.00
user40,|,9,11,5.00,-8.00,0.00,-461234.00
user40,|,10,11,5.00,-8.00,0.00,-86431.00
user40,|,11,11,5.00,-8.00,0.00,-123456.00
user40,|,1,2,-3.00,-2.00,0.00,-26.00
user40,|,2,2,-3.00,-2.00,0.00,-89.00
user40,|,1,9,60.00,0.00,0.00,1.00
user40,|,2,9,60.00,0.00,0.00,10.00
user40,|,3,9,60.00,0.00,0.00,0.00
user40,|,4,9,60.00,0.00,0.00,-1.00
user40,|,5,9,60.00,0.00,0.00,150.00
user40,|,6,9,60.00,0.00,0.00,10.00
user40,|,7,9,60.00,0.00,0.00,0.00
user40,|,8,9,60.00,0.00,0.00,20.00
user40,|,9,9,60.00,0.00,0.00,156.00
user40,|,1,3,2.00,3.00,0.00,32.00
user40,|,2,3,2.00,3.00,0.00,64.00
user40,|,3,3,2.00,3.00,0.00,123.00
user40,|,1,3,-8.00,10.00,0.00,349.00
user40,|,2,3,-8.00,10.00,0.00,1569.00
user40,|,3,3,-8.00,10.00,0.00,2769.00
user40,|,1,14,25.00,35.00,0.00,2568.00
user40,|,2,14,25.00,35.00,0.00,12568.00
user40,|,3,14,25.00,35.00,0.00,45968.00
user40,|,4,14,25.00,35.00,0.00,125968.00
user40,|,5,14,25.00,35.00,0.00,234759.00
user40,|,6,14,25.00,35.00,0.00,15489652.00
user40,|,7,14,25.00,35.00,0.00,4358965.00
user40,|,8,14,25.00,35.00,0.00,432158965.00
user40,|,9,14,25.00,35.00,0.00,347895621.00
user40,|,10,14,25.00,35.00,0.00,452315896.00
user40,|,11,14,25.00,35.00,0.00,33548956.00
user40,|,12,14,25.00,35.00,0.00,3844759.00
user40,|,13,14,25.00,35.00,0.00,845621699.00
user40,|,14,14,25.00,35.00,0.00,548621586.00
user41,|,1,8,-25.00,-20.00,0.00,-100000.00
user41,|,2,8,-25.00,-20.00,0.00,-400000.00
user41,|,3,8,-25.00,-20.00,0.00,-600000.00
user41,|,4,8,-25.00,-20.00,0.00,-700000.00
user41,|,5,8,-25.00,-20.00,0.00,-800000.00
user41,|,6,8,-25.00,-20.00,0.00,-900000.00
user41,|,7,8,-25.00,-20.00,0.00,-1000000.00
user41,|,8,8,-25.00,-20.00,0.00,-1100000.00
user41,|,1,3,8.00,-8.00,0.00,-350.00
user41,|,2,3,8.00,-8.00,0.00,-400.00
user41,|,3,3,8.00,-8.00,0.00,-300.00
user41,|,1,3,-2.00,-2.00,0.00,-10.00
user41,|,2,3,-2.00,-2.00,0.00,-30.00
user41,|,3,3,-2.00,-2.00,0.00,-60.00
user41,|,1,14,-60.00,1.00,0.00,10.00
user41,|,2,14,-60.00,1.00,0.00,-1.00
user41,|,3,14,-60.00,1.00,0.00,0.00
user41,|,4,14,-60.00,1.00,0.00,55.00
user41,|,5,14,-60.00,1.00,0.00,120.00
user41,|,6,14,-60.00,1.00,0.00,1000.00
user41,|,7,14,-60.00,1.00,0.00,2000.00
user41,|,8,14,-60.00,1.00,0.00,5000.00
user41,|,9,14,-60.00,1.00,0.00,10000.00
user41,|,10,14,-60.00,1.00,0.00,20000.00
user41,|,11,14,-60.00,1.00,0.00,50000.00
user41,|,12,14,-60.00,1.00,0.00,100000.00
user41,|,13,14,-60.00,1.00,0.00,500000.00
user41,|,14,14,-60.00,1.00,0.00,1000000.00
user41,|,1,4,3.00,3.00,0.00,50.00
user41,|,2,4,3.00,3.00,0.00,500.00
user41,|,3,4,3.00,3.00,0.00,5000.00
user41,|,4,4,3.00,3.00,0.00,10000.00
user41,|,1,1,-5.00,10.00,0.00,450.00
user41,|,1,10,40.00,35.00,0.00,10000000.00
user41,|,2,10,40.00,35.00,0.00,700000.00
user41,|,3,10,40.00,35.00,0.00,20000000.00
user41,|,4,10,40.00,35.00,0.00,5000.00
user41,|,5,10,40.00,35.00,0.00,4500.00
user41,|,6,10,40.00,35.00,0.00,6000.00
user41,|,7,10,40.00,35.00,0.00,7000.00
user41,|,8,10,40.00,35.00,0.00,8000.00
user41,|,9,10,40.00,35.00,0.00,10000.00
user41,|,10,10,40.00,35.00,0.00,12000.00
user42,|,1,1,-10.00,-20.00,0.00,-4597.00
user42,|,1,3,10.00,-8.00,0.00,-256.00
user42,|,2,3,10.00,-8.00,0.00,-1234.00
user42,|,3,3,10.00,-8.00,0.00,-2896.00
user42,|,1,4,-1.00,-2.00,0.00,-10.00
user42,|,2,4,-1.00,-2.00,0.00,-5.00
user42,|,3,4,-1.00,-2.00,0.00,-25.00
user42,|,4,4,-1.00,-2.00,0.00,-55.00
user42,|,1,1,-40.00,1.00,0.00,-1.00
user42,|,1,3,5.00,3.00,0.00,23.00
user42,|,2,3,5.00,3.00,0.00,67.00
user42,|,3,3,5.00,3.00,0.00,89.00
user42,|,1,6,-3.00,10.00,0.00,-2000.00
user42,|,2,6,-3.00,10.00,0.00,264895.00
user42,|,3,6,-3.00,10.00,0.00,345896.00
user42,|,4,6,-3.00,10.00,0.00,397695.00
user42,|,5,6,-3.00,10.00,0.00,456789.00
user42,|,6,6,-3.00,10.00,0.00,561237.00
user42,|,1,2,60.00,35.00,0.00,389475.00
user42,|,2,2,60.00,35.00,0.00,8457236.00
user43,|,1,20,-8.00,-20.00,0.00,-10.00
user43,|,2,20,-8.00,-20.00,0.00,-100.00
user43,|,3,20,-8.00,-20.00,0.00,-200.00
user43,|,4,20,-8.00,-20.00,0.00,-300.00
user43,|,5,20,-8.00,-20.00,0.00,-400.00
user43,|,6,20,-8.00,-20.00,0.00,-500.00
user43,|,7,20,-8.00,-20.00,0.00,-600.00
user43,|,8,20,-8.00,-20.00,0.00,-700.00
user43,|,9,20,-8.00,-20.00,0.00,-800.00
user43,|,10,20,-8.00,-20.00,0.00,-900.00
user43,|,11,20,-8.00,-20.00,0.00,-1000.00
user43,|,12,20,-8.00,-20.00,0.00,-1100.00
user43,|,13,20,-8.00,-20.00,0.00,-1200.00
user43,|,14,20,-8.00,-20.00,0.00,-1300.00
user43,|,15,20,-8.00,-20.00,0.00,-1500.00
user43,|,16,20,-8.00,-20.00,0.00,-1700.00
user43,|,17,20,-8.00,-20.00,0.00,-1900.00
user43,|,18,20,-8.00,-20.00,0.00,-2200.00
user43,|,19,20,-8.00,-20.00,0.00,-3000.00
user43,|,20,20,-8.00,-20.00,0.00,-4000.00
user43,|,1,1,25.00,-8.00,0.00,-300.00
user43,|,1,1,0.00,-2.00,0.00,-60.00
user43,|,1,1,-25.00,1.00,0.00,20.00
user43,|,1,8,8.00,3.00,0.00,600000.00
user43,|,2,8,8.00,3.00,0.00,200.00
user43,|,3,8,8.00,3.00,0.00,2000.00
user43,|,4,8,8.00,3.00,0.00,4100.00
user43,|,5,8,8.00,3.00,0.00,1000.00
user43,|,6,8,8.00,3.00,0.00,7000.00
user43,|,7,8,8.00,3.00,0.00,9000.00
user43,|,8,8,8.00,3.00,0.00,10000.00
user43,|,1,1,-2.00,10.00,0.00,450.00
user43,|,1,9,-60.00,50.00,0.00,14000.00
user43,|,2,9,-60.00,50.00,0.00,2500.00
user43,|,3,9,-60.00,50.00,0.00,-1.00
user43,|,4,9,-60.00,50.00,0.00,-2500.00
user43,|,5,9,-60.00,50.00,0.00,15000.00
user43,|,6,9,-60.00,50.00,0.00,25000.00
user43,|,7,9,-60.00,50.00,0.00,30000.00
user43,|,8,9,-60.00,50.00,0.00,50000.00
user43,|,9,9,-60.00,50.00,0.00,100000.00
user44,|,1,4,-5.00,-20.00,0.00,-234895.00
user44,|,2,4,-5.00,-20.00,0.00,-345789.00
user44,|,3,4,-5.00,-20.00,0.00,-465218.00
user44,|,4,4,-5.00,-20.00,0.00,-586429.00
user44,|,1,4,40.00,-8.00,0.00,-24.00
user44,|,2,4,40.00,-8.00,0.00,-58.00
user44,|,3,4,40.00,-8.00,0.00,-159.00
user44,|,4,4,40.00,-8.00,0.00,-249.00
user44,|,1,4,1.00,-2.00,0.00,-25.00
user44,|,2,4,1.00,-2.00,0.00,-15.00
user44,|,3,4,1.00,-2.00,0.00,-55.00
user44,|,4,4,1.00,-2.00,0.00,-300.00
user44,|,1,4,-10.00,1.00,0.00,20.00
user44,|,2,4,-10.00,1.00,0.00,1200.00
user44,|,3,4,-10.00,1.00,0.00,800.00
user44,|,4,4,-10.00,1.00,0.00,0.00
user44,|,1,3,10.00,3.00,0.00,26.00
user44,|,2,3,10.00,3.00,0.00,49.00
user44,|,3,3,10.00,3.00,0.00,159.00
user44,|,1,4,-1.00,10.00,0.00,645.00
user44,|,2,4,-1.00,10.00,0.00,975.00
user44,|,3,4,-1.00,10.00,0.00,1645.00
user44,|,4,4,-1.00,10.00,0.00,3487.00
user44,|,1,13,-40.00,50.00,0.00,5678.00
user44,|,2,13,-40.00,50.00,0.00,57968.00
user44,|,3,13,-40.00,50.00,0.00,67423.00
user44,|,4,13,-40.00,50.00,0.00,98123.00
user44,|,5,13,-40.00,50.00,0.00,123456.00
user44,|,6,13,-40.00,50.00,0.00,284963.00
user44,|,7,13,-40.00,50.00,0.00,375129.00
user44,|,8,13,-40.00,50.00,0.00,581349.00
user44,|,9,13,-40.00,50.00,0.00,782469.00
user44,|,10,13,-40.00,50.00,0.00,987426.00
user44,|,11,13,-40.00,50.00,0.00,1235896.00
user44,|,12,13,-40.00,50.00,0.00,23485696.00
user44,|,13,13,-40.00,50.00,0.00,3845796.00
user45,|,1,10,-3.00,-20.00,0.00,-5000000.00
user45,|,2,10,-3.00,-20.00,0.00,-20000.00
user45,|,3,10,-3.00,-20.00,0.00,-50000.00
user45,|,4,10,-3.00,-20.00,0.00,-100000.00
user45,|,5,10,-3.00,-20.00,0.00,-150000.00
user45,|,6,10,-3.00,-20.00,0.00,-500000.00
user45,|,7,10,-3.00,-20.00,0.00,-1000000.00
user45,|,8,10,-3.00,-20.00,0.00,-7000000.00
user45,|,9,10,-3.00,-20.00,0.00,0.00
user45,|,10,10,-3.00,-20.00,0.00,-10000000.00
user45,|,1,4,60.00,-8.00,0.00,-300.00
user45,|,2,4,60.00,-8.00,0.00,-10.00
user45,|,3,4,60.00,-8.00,0.00,-100.00
user45,|,4,4,60.00,-8.00,0.00,-200.00
user45,|,1,1,2.00,-2.00,0.00,-60.00
user45,|,1,1,-8.00,1.00,0.00,10.00
user45,|,1,4,25.00,3.00,0.00,3000.00
user45,|,2,4,25.00,3.00,0.00,50.00
user45,|,3,4,25.00,3.00,0.00,100.00
user45,|,4,4,25.00,3.00,0.00,150.00
user45,|,1,1,0.00,10.00,0.00,450.00
user45,|,1,3,-25.00,50.00,0.00,16000.00
user45,|,2,3,-25.00,50.00,0.00,12000.00
user45,|,3,3,-25.00,50.00,0.00,14000.00
user46,|,1,11,-2.00,-20.00,0.00,-546258.00
user46,|,2,11,-2.00,-20.00,0.00,-648496.00
user46,|,3,11,-2.00,-20.00,0.00,-9786123.00
user46,|,4,11,-2.00,-20.00,0.00,-1678495.00
user46,|,5,11,-2.00,-20.00,0.00,-3467495.00
user46,|,6,11,-2.00,-20.00,0.00,-5489623.00
user46,|,7,11,-2.00,-20.00,0.00,-10687459.00
user46,|,8,11,-2.00,-20.00,0.00,-7652364.00
user46,|,9,11,-2.00,-20.00,0.00,-20145879.00
user46,|,10,11,-2.00,-20.00,0.00,-6234859.00
user46,|,11,11,-2.00,-20.00,0.00,-4568975.00
user46,|,1,16,-60.00,-5.00,0.00,-12.00
user46,|,2,16,-60.00,-5.00,0.00,-53.00
user46,|,3,16,-60.00,-5.00,0.00,-145.00
user46,|,4,16,-60.00,-5.00,0.00,-279.00
user46,|,5,16,-60.00,-5.00,0.00,-348.00
user46,|,6,16,-60.00,-5.00,0.00,-496.00
user46,|,7,16,-60.00,-5.00,0.00,-569.00
user46,|,8,16,-60.00,-5.00,0.00,-679.00
user46,|,9,16,-60.00,-5.00,0.00,-1234.00
user46,|,10,16,-60.00,-5.00,0.00,-2345.00
user46,|,11,16,-60.00,-5.00,0.00,-3456.00
user46,|,12,16,-60.00,-5.00,0.00,-147.00
user46,|,13,16,-60.00,-5.00,0.00,-2856.00
user46,|,14,16,-60.00,-5.00,0.00,-34856.00
user46,|,15,16,-60.00,-5.00,0.00,-57896.00
user46,|,16,16,-60.00,-5.00,0.00,-965874.00
user46,|,1,8,3.00,-2.00,0.00,201.00
user46,|,2,8,3.00,-2.00,0.00,-200.00
user46,|,3,8,3.00,-2.00,0.00,-100.00
user46,|,4,8,3.00,-2.00,0.00,1000.00
user46,|,5,8,3.00,-2.00,0.00,500.00
user46,|,6,8,3.00,-2.00,0.00,600.00
user46,|,7,8,3.00,-2.00,0.00,-20.00
user46,|,8,8,3.00,-2.00,0.00,-52.00
user46,|,1,4,-5.00,1.00,0.00,-20000.00
user46,|,2,4,-5.00,1.00,0.00,30000.00
user46,|,3,4,-5.00,1.00,0.00,-10000.00
user46,|,4,4,-5.00,1.00,0.00,12.00
user46,|,1,2,40.00,3.00,0.00,156.00
user46,|,2,2,40.00,3.00,0.00,249.00
user46,|,1,4,1.00,10.00,0.00,550.00
user46,|,2,4,1.00,10.00,0.00,650.00
user46,|,3,4,1.00,10.00,0.00,700.00
user46,|,4,4,1.00,10.00,0.00,450.00
user46,|,1,10,-10.00,50.00,0.00,2976.00
user46,|,2,10,-10.00,50.00,0.00,3789.00
user46,|,3,10,-10.00,50.00,0.00,5123.00
user46,|,4,10,-10.00,50.00,0.00,6497.00
user46,|,5,10,-10.00,50.00,0.00,9423.00
user46,|,6,10,-10.00,50.00,0.00,12956.00
user46,|,7,10,-10.00,50.00,0.00,29854.00
user46,|,8,10,-10.00,50.00,0.00,37562.00
user46,|,9,10,-10.00,50.00,0.00,57249.00
user46,|,10,10,-10.00,50.00,0.00,94378.00
user47,|,1,3,-1.00,-20.00,0.00,-36000.00
user47,|,2,3,-1.00,-20.00,0.00,-1200000.00
user47,|,3,3,-1.00,-20.00,0.00,-5000000.00
user47,|,1,15,-40.00,-5.00,0.00,-25000000.00
user47,|,2,15,-40.00,-5.00,0.00,-5000000.00
user47,|,3,15,-40.00,-5.00,0.00,-1000000.00
user47,|,4,15,-40.00,-5.00,0.00,-500000.00
user47,|,5,15,-40.00,-5.00,0.00,-10000000.00
user47,|,6,15,-40.00,-5.00,0.00,-8000.00
user47,|,7,15,-40.00,-5.00,0.00,10.00
user47,|,8,15,-40.00,-5.00,0.00,-300.00
user47,|,9,15,-40.00,-5.00,0.00,-250.00
user47,|,10,15,-40.00,-5.00,0.00,-132.00
user47,|,11,15,-40.00,-5.00,0.00,-7000000.00
user47,|,12,15,-40.00,-5.00,0.00,-731.00
user47,|,13,15,-40.00,-5.00,0.00,-1360.00
user47,|,14,15,-40.00,-5.00,0.00,-50000.00
user47,|,15,15,-40.00,-5.00,0.00,-670000.00
user47,|,1,1,5.00,-2.00,0.00,-60.00
user47,|,1,1,-3.00,1.00,0.00,5.00
user47,|,1,7,60.00,3.00,0.00,400000.00
user47,|,2,7,60.00,3.00,0.00,40000.00
user47,|,3,7,60.00,3.00,0.00,20000.00
user47,|,4,7,60.00,3.00,0.00,10000.00
user47,|,5,7,60.00,3.00,0.00,5000.00
user47,|,6,7,60.00,3.00,0.00,40000.00
user47,|,7,7,60.00,3.00,0.00,50000.00
user47,|,1,8,2.00,10.00,0.00,3600.00
user47,|,2,8,2.00,10.00,0.00,1000000.00
user47,|,3,8,2.00,10.00,0.00,100000.00
user47,|,4,8,2.00,10.00,0.00,5000000.00
user47,|,5,8,2.00,10.00,0.00,7000000.00
user47,|,6,8,2.00,10.00,0.00,8000000.00
user47,|,7,8,2.00,10.00,0.00,9000000.00
user47,|,8,8,2.00,10.00,0.00,500.00
user47,|,1,1,-8.00,50.00,0.00,16000.00
user48,|,1,16,0.00,-20.00,0.00,-45687.00
user48,|,2,16,0.00,-20.00,0.00,-123645.00
user48,|,3,16,0.00,-20.00,0.00,-984562.00
user48,|,4,16,0.00,-20.00,0.00,-4578965.00
user48,|,5,16,0.00,-20.00,0.00,-2556.00
user48,|,6,16,0.00,-20.00,0.00,-45678.00
user48,|,7,16,0.00,-20.00,0.00,-987456.00
user48,|,8,16,0.00,-20.00,0.00,-2345.00
user48,|,9,16,0.00,-20.00,0.00,-123456.00
user48,|,10,16,0.00,-20.00,0.00,-123456789.00
user48,|,11,16,0.00,-20.00,0.00,-569845.00
user48,|,12,16,0.00,-20.00,0.00,-632547.00
user48,|,13,16,0.00,-20.00,0.00,-2500.00
user48,|,14,16,0.00,-20.00,0.00,-56900.00
user48,|,15,16,0.00,-20.00,0.00,-12000000.00
user48,|,16,16,0.00,-20.00,0.00,-25800000.00
user48,|,1,5,-25.00,-5.00,0.00,-156.00
user48,|,2,5,-25.00,-5.00,0.00,-246.00
user48,|,3,5,-25.00,-5.00,0.00,-789.00
user48,|,4,5,-25.00,-5.00,0.00,-1569.00
user48,|,5,5,-25.00,-5.00,0.00,-3489.00
user48,|,1,2,8.00,-2.00,0.00,-40.00
user48,|,2,2,8.00,-2.00,0.00,-200.00
user48,|,1,1,-2.00,1.00,0.00,10.00
user48,|,1,6,-60.00,5.00,0.00,12.00
user48,|,2,6,-60.00,5.00,0.00,125.00
user48,|,3,6,-60.00,5.00,0.00,0.00
user48,|,4,6,-60.00,5.00,0.00,12.00
user48,|,5,6,-60.00,5.00,0.00,3000.00
user48,|,6,6,-60.00,5.00,0.00,130000.00
user48,|,1,1,3.00,10.00,0.00,23846.00
user48,|,1,7,-5.00,50.00,0.00,758963.00
user48,|,2,7,-5.00,50.00,0.00,456789.00
user48,|,3,7,-5.00,50.00,0.00,984536.00
user48,|,4,7,-5.00,50.00,0.00,1254896.00
user48,|,5,7,-5.00,50.00,0.00,3489569.00
user48,|,6,7,-5.00,50.00,0.00,5648321.00
user48,|,7,7,-5.00,50.00,0.00,8649531.00
user49,|,1,11,1.00,-20.00,0.00,-4000.00
user49,|,2,11,1.00,-20.00,0.00,-100.00
user49,|,3,11,1.00,-20.00,0.00,-1000.00
user49,|,4,11,1.00,-20.00,0.00,-10000.00
user49,|,5,11,1.00,-20.00,0.00,-2000000.00
user49,|,6,11,1.00,-20.00,0.00,-100.00
user49,|,7,11,1.00,-20.00,0.00,-1000.00
user49,|,8,11,1.00,-20.00,0.00,-10000.00
user49,|,9,11,1.00,-20.00,0.00,-100000.00
user49,|,10,11,1.00,-20.00,0.00,-1000000.00
user49,|,11,11,1.00,-20.00,0.00,-2000000.00
user49,|,1,5,-10.00,-5.00,0.00,-10.00
user49,|,2,5,-10.00,-5.00,0.00,-50.00
user49,|,3,5,-10.00,-5.00,0.00,-100.00
user49,|,4,5,-10.00,-5.00,0.00,-150.00
user49,|,5,5,-10.00,-5.00,0.00,-200.00
user49,|,1,1,10.00,-2.00,0.00,-60.00
user49,|,1,1,-1.00,1.00,0.00,2.00
user49,|,1,2,-40.00,5.00,0.00,200.00
user49,|,2,2,-40.00,5.00,0.00,100.00
user49,|,1,6,5.00,10.00,0.00,6000.00
user49,|,2,6,5.00,10.00,0.00,7000.00
user49,|,3,6,5.00,10.00,0.00,8000.00
user49,|,4,6,5.00,10.00,0.00,9000.00
user49,|,5,6,5.00,10.00,0.00,10000.00
user49,|,6,6,5.00,10.00,0.00,11000.00
user49,|,1,1,-3.00,50.00,0.00,16000.00
user5,|,1,13,-8.00,-50.00,0.00,-100.00
user5,|,2,13,-8.00,-50.00,0.00,-12000.00
user5,|,3,13,-8.00,-50.00,0.00,-15000.00
user5,|,4,13,-8.00,-50.00,0.00,-20000.00
user5,|,5,13,-8.00,-50.00,0.00,-1000.00
user5,|,6,13,-8.00,-50.00,0.00,-1500.00
user5,|,7,13,-8.00,-50.00,0.00,-2000.00
user5,|,8,13,-8.00,-50.00,0.00,-2500.00
user5,|,9,13,-8.00,-50.00,0.00,-3000.00
user5,|,10,13,-8.00,-50.00,0.00,-5000.00
user5,|,11,13,-8.00,-50.00,0.00,-12000.00
user5,|,12,13,-8.00,-50.00,0.00,-27000.00
user5,|,13,13,-8.00,-50.00,0.00,-16000.00
user5,|,1,2,25.00,-20.00,0.00,-4000.00
user5,|,2,2,25.00,-20.00,0.00,-3000.00
user5,|,1,1,0.00,-5.00,0.00,-200.00
user5,|,1,6,-25.00,-1.00,0.00,-1000.00
user5,|,2,6,-25.00,-1.00,0.00,-511.00
user5,|,3,6,-25.00,-1.00,0.00,-300.00
user5,|,4,6,-25.00,-1.00,0.00,-1000.00
user5,|,5,6,-25.00,-1.00,0.00,-2000.00
user5,|,6,6,-25.00,-1.00,0.00,-3000.00
user5,|,1,2,8.00,1.00,0.00,3000.00
user5,|,2,2,8.00,1.00,0.00,30.00
user5,|,1,3,-2.00,5.00,0.00,150.00
user5,|,2,3,-2.00,5.00,0.00,250.00
user5,|,3,3,-2.00,5.00,0.00,200.00
user5,|,1,14,-60.00,20.00,0.00,3500.00
user5,|,2,14,-60.00,20.00,0.00,1000.00
user5,|,3,14,-60.00,20.00,0.00,500.00
user5,|,4,14,-60.00,20.00,0.00,100.00
user5,|,5,14,-60.00,20.00,0.00,500.00
user5,|,6,14,-60.00,20.00,0.00,1500.00
user5,|,7,14,-60.00,20.00,0.00,2000.00
user5,|,8,14,-60.00,20.00,0.00,2500.00
user5,|,9,14,-60.00,20.00,0.00,3500.00
user5,|,10,14,-60.00,20.00,0.00,4000.00
user5,|,11,14,-60.00,20.00,0.00,5000.00
user5,|,12,14,-60.00,20.00,0.00,6700.00
user5,|,13,14,-60.00,20.00,0.00,10000.00
user5,|,14,14,-60.00,20.00,0.00,15000.00
user5,|,1,4,3.00,50.00,0.00,-1000.00
user5,|,2,4,3.00,50.00,0.00,12000.00
user5,|,3,4,3.00,50.00,0.00,14000.00
user5,|,4,4,3.00,50.00,0.00,16000.00
user50,|,1,8,2.00,-20.00,0.00,-6794.00
user50,|,2,8,2.00,-20.00,0.00,-9136.00
user50,|,3,8,2.00,-20.00,0.00,-134687.00
user50,|,4,8,2.00,-20.00,0.00,-394672.00
user50,|,5,8,2.00,-20.00,0.00,-547316.00
user50,|,6,8,2.00,-20.00,0.00,-762435.00
user50,|,7,8,2.00,-20.00,0.00,-9324658.00
user50,|,8,8,2.00,-20.00,0.00,-3489657.00
user50,|,1,1,-8.00,-5.00,0.00,-234.00
user50,|,1,1,25.00,-2.00,0.00,1.00
user50,|,1,1,0.00,1.00,0.00,10.00
user50,|,1,20,-25.00,5.00,0.00,268.00
user50,|,2,20,-25.00,5.00,0.00,496.00
user50,|,3,20,-25.00,5.00,0.00,762.00
user50,|,4,20,-25.00,5.00,0.00,1234.00
user50,|,5,20,-25.00,5.00,0.00,2679.00
user50,|,6,20,-25.00,5.00,0.00,3796.00
user50,|,7,20,-25.00,5.00,0.00,5823.00
user50,|,8,20,-25.00,5.00,0.00,7934.00
user50,|,9,20,-25.00,5.00,0.00,12345.00
user50,|,10,20,-25.00,5.00,0.00,24890.00
user50,|,11,20,-25.00,5.00,0.00,34785.00
user50,|,12,20,-25.00,5.00,0.00,59467.00
user50,|,13,20,-25.00,5.00,0.00,81357.00
user50,|,14,20,-25.00,5.00,0.00,145968.00
user50,|,15,20,-25.00,5.00,0.00,348912.00
user50,|,16,20,-25.00,5.00,0.00,579426.00
user50,|,17,20,-25.00,5.00,0.00,832495.00
user50,|,18,20,-25.00,5.00,0.00,1547965.00
user50,|,19,20,-25.00,5.00,0.00,23.00
user50,|,20,20,-25.00,5.00,0.00,156.00
user50,|,1,6,8.00,10.00,0.00,278.00
user50,|,2,6,8.00,10.00,0.00,496.00
user50,|,3,6,8.00,10.00,0.00,731.00
user50,|,4,6,8.00,10.00,0.00,923.00
user50,|,5,6,8.00,10.00,0.00,1234.00
user50,|,6,6,8.00,10.00,0.00,2754.00
user50,|,1,4,-2.00,50.00,0.00,5497.00
user50,|,2,4,-2.00,50.00,0.00,9847.00
user50,|,3,4,-2.00,50.00,0.00,25486.00
user50,|,4,4,-2.00,50.00,0.00,647952.00
user6,|,1,3,-5.00,-50.00,0.00,-298467.00
user6,|,2,3,-5.00,-50.00,0.00,-425946.00
user6,|,3,3,-5.00,-50.00,0.00,-678234.00
user6,|,1,3,40.00,-20.00,0.00,-34569.00
user6,|,2,3,40.00,-20.00,0.00,-65798.00
user6,|,3,3,40.00,-20.00,0.00,-1256.00
user6,|,1,6,1.00,-5.00,0.00,-3600.00
user6,|,2,6,1.00,-5.00,0.00,-12000.00
user6,|,3,6,1.00,-5.00,0.00,-800.00
user6,|,4,6,1.00,-5.00,0.00,-500000.00
user6,|,5,6,1.00,-5.00,0.00,-1225.00
user6,|,6,6,1.00,-5.00,0.00,-2546.00
user6,|,1,2,-10.00,-1.00,0.00,-10.00
user6,|,2,2,-10.00,-1.00,0.00,-20.00
user6,|,1,2,10.00,1.00,0.00,10.00
user6,|,2,2,10.00,1.00,0.00,35.00
user6,|,1,14,-1.00,5.00,0.00,2000000.00
user6,|,2,14,-1.00,5.00,0.00,2000000.00
user6,|,3,14,-1.00,5.00,0.00,4000000.00
user6,|,4,14,-1.00,5.00,0.00,5000000.00
user6,|,5,14,-1.00,5.00,0.00,6000000.00
user6,|,6,14,-1.00,5.00,0.00,1000.00
user6,|,7,14,-1.00,5.00,0.00,100.00
user6,|,8,14,-1.00,5.00,0.00,2000.00
user6,|,9,14,-1.00,5.00,0.00,5000.00
user6,|,10,14,-1.00,5.00,0.00,6000.00
user6,|,11,14,-1.00,5.00,0.00,7000.00
user6,|,12,14,-1.00,5.00,0.00,8000.00
user6,|,13,14,-1.00,5.00,0.00,9000.00
user6,|,14,14,-1.00,5.00,0.00,10000.00
user6,|,1,24,-40.00,20.00,0.00,156.00
user6,|,2,24,-40.00,20.00,0.00,496.00
user6,|,3,24,-40.00,20.00,0.00,348.00
user6,|,4,24,-40.00,20.00,0.00,1234.00
user6,|,5,24,-40.00,20.00,0.00,3798.00
user6,|,6,24,-40.00,20.00,0.00,5976.00
user6,|,7,24,-40.00,20.00,0.00,12869.00
user6,|,8,24,-40.00,20.00,0.00,23758.00
user6,|,9,24,-40.00,20.00,0.00,34856.00
user6,|,10,24,-40.00,20.00,0.00,58123.00
user6,|,11,24,-40.00,20.00,0.00,89135.00
user6,|,12,24,-40.00,20.00,0.00,128649.00
user6,|,13,24,-40.00,20.00,0.00,298679.00
user6,|,14,24,-40.00,20.00,0.00,384962.00
user6,|,15,24,-40.00,20.00,0.00,579638.00
user6,|,16,24,-40.00,20.00,0.00,947358.00
user6,|,17,24,-40.00,20.00,0.00,1548396.00
user6,|,18,24,-40.00,20.00,0.00,2789346.00
user6,|,19,24,-40.00,20.00,0.00,3248956.00
user6,|,20,24,-40.00,20.00,0.00,5763496.00
user6,|,21,24,-40.00,20.00,0.00,7359468.00
user6,|,22,24,-40.00,20.00,0.00,12489653.00
user6,|,23,24,-40.00,20.00,0.00,348569874.00
user6,|,24,24,-40.00,20.00,0.00,5478963124.00
user6,|,1,4,5.00,50.00,0.00,35489.00
user6,|,2,4,5.00,50.00,0.00,123456.00
user6,|,3,4,5.00,50.00,0.00,456789.00
user6,|,4,4,5.00,50.00,0.00,756389.00
user7,|,1,1,-3.00,-50.00,0.00,-16000.00
user7,|,1,13,60.00,-20.00,0.00,-2000.00
user7,|,2,13,60.00,-20.00,0.00,-1000.00
user7,|,3,13,60.00,-20.00,0.00,-2000.00
user7,|,4,13,60.00,-20.00,0.00,-800.00
user7,|,5,13,60.00,-20.00,0.00,-500.00
user7,|,6,13,60.00,-20.00,0.00,-900.00
user7,|,7,13,60.00,-20.00,0.00,-1200.00
user7,|,8,13,60.00,-20.00,0.00,-5000.00
user7,|,9,13,60.00,-20.00,0.00,-6000.00
user7,|,10,13,60.00,-20.00,0.00,-2000.00
user7,|,11,13,60.00,-20.00,0.00,-2500.00
user7,|,12,13,60.00,-20.00,0.00,-1200.00
user7,|,13,13,60.00,-20.00,0.00,-150000.00
user7,|,1,1,2.00,-5.00,0.00,-200.00
user7,|,1,5,-8.00,-1.00,0.00,-5000.00
user7,|,2,5,-8.00,-1.00,0.00,-1000.00
user7,|,3,5,-8.00,-1.00,0.00,-200.00
user7,|,4,5,-8.00,-1.00,0.00,-3600.00
user7,|,5,5,-8.00,-1.00,0.00,-980.00
user7,|,1,6,25.00,1.00,0.00,5000.00
user7,|,2,6,25.00,1.00,0.00,10000.00
user7,|,3,6,25.00,1.00,0.00,12000.00
user7,|,4,6,25.00,1.00,0.00,10.00
user7,|,5,6,25.00,1.00,0.00,1.00
user7,|,6,6,25.00,1.00,0.00,50.00
user7,|,1,1,0.00,5.00,0.00,200.00
user7,|,1,1,-25.00,20.00,0.00,3500.00
user7,|,1,7,8.00,50.00,0.00,1200000.00
user7,|,2,7,8.00,50.00,0.00,12000000.00
user7,|,3,7,8.00,50.00,0.00,1200000000.00
user7,|,4,7,8.00,50.00,0.00,80000.00
user7,|,5,7,8.00,50.00,0.00,500000.00
user7,|,6,7,8.00,50.00,0.00,3600.00
user7,|,7,7,8.00,50.00,0.00,3600000.00
user8,|,1,11,-2.00,-50.00,0.00,-5489.00
user8,|,2,11,-2.00,-50.00,0.00,-6974.00
user8,|,3,11,-2.00,-50.00,0.00,-1254.00
user8,|,4,11,-2.00,-50.00,0.00,-123456.00
user8,|,5,11,-2.00,-50.00,0.00,-25978.00
user8,|,6,11,-2.00,-50.00,0.00,-36478.00
user8,|,7,11,-2.00,-50.00,0.00,-469812.00
user8,|,8,11,-2.00,-50.00,0.00,-523648.00
user8,|,9,11,-2.00,-50.00,0.00,-7985348.00
user8,|,10,11,-2.00,-50.00,0.00,-956321.00
user8,|,11,11,-2.00,-50.00,0.00,-2468795.00
user8,|,1,1,-60.00,-10.00,0.00,-123785.00
user8,|,1,5,3.00,-5.00,0.00,-3564892.00
user8,|,2,5,3.00,-5.00,0.00,-58946.00
user8,|,3,5,3.00,-5.00,0.00,-149563.00
user8,|,4,5,3.00,-5.00,0.00,-5489652.00
user8,|,5,5,3.00,-5.00,0.00,-123856.00
user8,|,1,1,-5.00,-1.00,0.00,-10.00
user8,|,1,11,40.00,1.00,0.00,20.00
user8,|,2,11,40.00,1.00,0.00,34.00
user8,|,3,11,40.00,1.00,0.00,68.00
user8,|,4,11,40.00,1.00,0.00,254.00
user8,|,5,11,40.00,1.00,0.00,387.00
user8,|,6,11,40.00,1.00,0.00,496.00
user8,|,7,11,40.00,1.00,0.00,684.00
user8,|,8,11,40.00,1.00,0.00,732.00
user8,|,9,11,40.00,1.00,0.00,812.00
user8,|,10,11,40.00,1.00,0.00,1234.00
user8,|,11,11,40.00,1.00,0.00,3548.00
user8,|,1,2,1.00,5.00,0.00,56.00
user8,|,2,2,1.00,5.00,0.00,164.00
user8,|,1,1,-10.00,20.00,0.00,2796.00
user8,|,1,10,10.00,50.00,0.00,3456.00
user8,|,2,10,10.00,50.00,0.00,5723.00
user8,|,3,10,10.00,50.00,0.00,6942.00
user8,|,4,10,10.00,50.00,0.00,8423.00
user8,|,5,10,10.00,50.00,0.00,9348.00
user8,|,6,10,10.00,50.00,0.00,123856.00
user8,|,7,10,10.00,50.00,0.00,26495.00
user8,|,8,10,10.00,50.00,0.00,37642.00
user8,|,9,10,10.00,50.00,0.00,54912.00
user8,|,10,10,10.00,50.00,0.00,73468.00
user9,|,1,8,-1.00,-50.00,0.00,-1200000.00
user9,|,2,8,-1.00,-50.00,0.00,-36000000.00
user9,|,3,8,-1.00,-50.00,0.00,-5000.00
user9,|,4,8,-1.00,-50.00,0.00,-120000.00
user9,|,5,8,-1.00,-50.00,0.00,-4800000.00
user9,|,6,8,-1.00,-50.00,0.00,-3600.00
user9,|,7,8,-1.00,-50.00,0.00,-12000000.00
user9,|,8,8,-1.00,-50.00,0.00,-120000000.00
user9,|,1,6,-40.00,-10.00,0.00,-3000000.00
user9,|,2,6,-40.00,-10.00,0.00,-5000000.00
user9,|,3,6,-40.00,-10.00,0.00,-12000000.00
user9,|,4,6,-40.00,-10.00,0.00,-360000000.00
user9,|,5,6,-40.00,-10.00,0.00,-36000000.00
user9,|,6,6,-40.00,-10.00,0.00,-50000000.00
user9,|,1,3,5.00,-5.00,0.00,-2000.00
user9,|,2,3,5.00,-5.00,0.00,-1000.00
user9,|,3,3,5.00,-5.00,0.00,-3000.00
user9,|,1,6,-3.00,-1.00,0.00,-50.00
user9,|,2,6,-3.00,-1.00,0.00,100.00
user9,|,3,6,-3.00,-1.00,0.00,-200001.00
user9,|,4,6,-3.00,-1.00,0.00,-20000.00
user9,|,5,6,-3.00,-1.00,0.00,-200000.00
user9,|,6,6,-3.00,-1.00,0.00,-14.00
user9,|,1,13,60.00,1.00,0.00,500.00
user9,|,2,13,60.00,1.00,0.00,5000.00
user9,|,3,13,60.00,1.00,0.00,120000.00
user9,|,4,13,60.00,1.00,0.00,500000.00
user9,|,5,13,60.00,1.00,0.00,1200000.00
user9,|,6,13,60.00,1.00,0.00,3600.00
user9,|,7,13,60.00,1.00,0.00,1.00
user9,|,8,13,60.00,1.00,0.00,20.00
user9,|,9,13,60.00,1.00,0.00,50.00
user9,|,10,13,60.00,1.00,0.00,100.00
user9,|,11,13,60.00,1.00,0.00,150.00
user9,|,12,13,60.00,1.00,0.00,200.00
user9,|,13,13,60.00,1.00,0.00,250.00
user9,|,1,1,2.00,5.00,0.00,200.00
user9,|,1,1,-8.00,20.00,0.00,3500.00
user9,|,1,15,25.00,50.00,0.00,5000000.00
user9,|,2,15,25.00,50.00,0.00,50000000.00
user9,|,3,15,25.00,50.00,0.00,150000000.00
user9,|,4,15,25.00,50.00,0.00,1200000000.00
user9,|,5,15,25.00,50.00,0.00,1800000.00
user9,|,6,15,25.00,50.00,0.00,5000.00
user9,|,7,15,25.00,50.00,0.00,1000.00
user9,|,8,15,25.00,50.00,0.00,2000.00
user9,|,9,15,25.00,50.00,0.00,3000.00
user9,|,10,15,25.00,50.00,0.00,4000.00
user9,|,11,15,25.00,50.00,0.00,8000.00
user9,|,12,15,25.00,50.00,0.00,100000.00
user9,|,13,15,25.00,50.00,0.00,25000.00
user9,|,14,15,25.00,50.00,0.00,30000.00
user9,|,15,15,25.00,50.00,0.00,50000.00
